ndx,tdate,Node,Modemcount,Redcount,Yellowcount,Greencount,Dindex,Selcount,Globalrank,HErank,USSG,BWUS
1,2024-01-01,H17NC03MEA1,282,0,6,276,99.29,2,6406,186,UH17MECH2C2,74.81
2,2024-01-01,H17NC03MEA9,208,5,1,202,97.44,5.33,4714,145,UH17MECH2C4,75
3,2024-01-01,H17NC03MEB0,122,1,2,119,98.63,1.67,6577,187,UH17MECH2A6,75
4,2024-01-01,H17NC03MEB9,83,0,1,82,99.6,0.33,6992,196,UH17MECH2A8,75
5,2024-01-02,H17NC03MEA1,282,0,82,200,90.31,27.33,2306,88,UH17MECH2C2,71.26
6,2024-01-02,H17NC03MEA9,207,4,2,201,97.75,4.67,5369,164,UH17MECH2C4,75
7,2024-01-02,H17NC03MEB0,122,1,6,115,97.54,3,6090,182,UH17MECH2A6,75
8,2024-01-02,H17NC03MEB9,83,0,4,79,98.39,1.33,6766,190,UH17MECH2A8,75
9,2024-01-03,H17NC03MEA1,282,1,15,266,97.87,6,4620,153,UH17MECH2C2,75
10,2024-01-03,H17NC03MEA9,207,4,2,201,97.75,4.67,5191,161,UH17MECH2C4,75
11,2024-01-03,H17NC03MEB0,122,2,47,73,85.52,17.67,2620,106,UH17MECH2A6,74.93
12,2024-01-03,H17NC03MEB9,84,0,3,81,98.81,1,6816,193,UH17MECH2A8,75
13,2024-01-04,H17NC03MEA1,282,0,9,273,98.94,3,5905,177,UH17MECH2C2,75
14,2024-01-04,H17NC03MEA9,208,4,2,202,97.76,4.67,5091,150,UH17MECH2C4,75
15,2024-01-04,H17NC03MEB0,122,3,57,62,81.97,22,2155,89,UH17MECH2A6,67.18
16,2024-01-04,H17NC03MEB9,83,1,1,81,98.39,1.33,6709,191,UH17MECH2A8,75
17,2024-01-05,H17NC03MEA1,282,2,8,272,98.35,4.67,5163,156,UH17MECH2C2,75
18,2024-01-05,H17NC03MEA9,208,4,2,202,97.76,4.67,5164,157,UH17MECH2C4,75
19,2024-01-05,H17NC03MEB0,122,1,10,111,96.45,4.33,5359,161,UH17MECH2A6,74.27
20,2024-01-05,H17NC03MEB9,83,1,1,81,98.39,1.33,6701,192,UH17MECH2A8,75
21,2024-01-06,H17NC03MEA1,283,2,18,263,97.17,8,3616,119,,0
22,2024-01-06,H17NC03MEA9,208,5,3,200,97.12,6,4381,143,,0
23,2024-01-06,H17NC03MEB0,122,1,1,120,98.91,1.33,6705,188,,0
24,2024-01-06,H17NC03MEB9,83,0,1,82,99.6,0.33,6954,195,,0
25,2024-01-07,H17NC03MEA1,283,1,29,253,96.23,10.67,3316,118,,0
26,2024-01-07,H17NC03MEA9,208,5,2,201,97.28,5.67,4829,149,,0
27,2024-01-07,H17NC03MEB0,122,1,2,119,98.63,1.67,6655,188,,0
28,2024-01-07,H17NC03MEB9,83,0,2,81,99.2,0.67,6932,195,,0
29,2024-01-08,H17NC03MEA1,283,1,14,268,98,5.67,4867,157,UH17MECH2C2,75
30,2024-01-08,H17NC03MEA9,209,6,2,201,96.81,6.67,4432,147,UH17MECH2C4,70.37
31,2024-01-08,H17NC03MEB0,122,1,3,118,98.36,2,6537,188,UH17MECH2A6,75
32,2024-01-08,H17NC03MEB9,84,0,2,82,99.21,0.67,6931,195,UH17MECH2A8,75
33,2024-01-09,H17NC03MEA1,284,1,49,234,93.9,17.33,2805,109,UH17MECH2C2,75
34,2024-01-09,H17NC03MEA9,209,2,6,201,98.09,4,5708,177,UH17MECH2C4,75
35,2024-01-09,H17NC03MEB0,123,1,3,119,98.37,2,6592,189,UH17MECH2A6,75
36,2024-01-09,H17NC03MEB9,84,0,1,83,99.6,0.33,6975,196,UH17MECH2A8,75
37,2024-01-10,H17NC03MEA1,284,0,102,182,88.03,34,1982,89,UH17MECH2C2,74.9
38,2024-01-10,H17NC03MEA9,210,2,0,208,99.05,2,6588,186,UH17MECH2C4,75
39,2024-01-10,H17NC03MEB0,123,1,14,108,95.39,5.67,4931,150,UH17MECH2A6,75
40,2024-01-10,H17NC03MEB9,84,0,1,83,99.6,0.33,6980,195,UH17MECH2A8,75
41,2024-01-11,H17NC03MEA1,283,0,53,230,93.76,17.67,2674,105,UH17MECH2C2,75
42,2024-01-11,H17NC03MEA9,210,2,1,207,98.89,2.33,6352,182,UH17MECH2C4,75
43,2024-01-11,H17NC03MEB0,123,1,8,114,97.02,3.67,5753,168,UH17MECH2A6,75
44,2024-01-11,H17NC03MEB9,84,1,1,82,98.41,1.33,6754,188,UH17MECH2A8,75
45,2024-01-12,H17NC03MEA1,284,0,33,251,96.13,11,2947,109,UH17MECH2C2,75
46,2024-01-12,H17NC03MEA9,211,3,3,205,98.1,4,5319,156,UH17MECH2C4,75
47,2024-01-12,H17NC03MEB0,123,1,3,119,98.37,2,6403,181,UH17MECH2A6,75
48,2024-01-12,H17NC03MEB9,84,0,2,82,99.21,0.67,6894,193,UH17MECH2A8,75
49,2024-01-13,H17NC03MEA1,284,1,57,226,92.96,20,2107,91,,0
50,2024-01-13,H17NC03MEA9,211,2,1,208,98.89,2.33,6145,173,,0
51,2024-01-13,H17NC03MEB0,123,1,2,120,98.64,1.67,6463,181,,0
52,2024-01-13,H17NC03MEB9,84,0,1,83,99.6,0.33,6967,194,,0
53,2024-01-14,H17NC03MEA1,284,0,72,212,91.55,24,2017,88,,0
54,2024-01-14,H17NC03MEA9,211,1,5,205,98.74,2.67,5979,170,,0
55,2024-01-14,H17NC03MEB0,123,1,1,121,98.92,1.33,6624,182,,0
56,2024-01-14,H17NC03MEB9,84,0,2,82,99.21,0.67,6865,191,,0
57,2024-01-15,H17NC03MEA1,284,1,8,275,98.71,3.67,5546,166,UH17MECH2C2,75
58,2024-01-15,H17NC03MEA9,210,2,1,207,98.89,2.33,6249,179,UH17MECH2C4,75
59,2024-01-15,H17NC03MEB0,123,1,3,119,98.37,2,6379,184,UH17MECH2A6,75
60,2024-01-15,H17NC03MEB9,84,0,1,83,99.6,0.33,6981,194,UH17MECH2A8,75
61,2024-01-16,H17NC03MEA1,284,0,6,278,99.3,2,6459,186,UH17MECH2C2,75
62,2024-01-16,H17NC03MEA9,210,3,1,206,98.41,3.33,5784,177,UH17MECH2C4,75
63,2024-01-16,H17NC03MEB0,123,1,4,118,98.1,2.33,6332,183,UH17MECH2A6,75
64,2024-01-16,H17NC03MEB9,84,0,3,81,98.81,1,6861,192,UH17MECH2A8,75
65,2024-01-17,H17NC03MEA1,283,0,5,278,99.41,1.67,6499,185,UH17MECH2C2,75
66,2024-01-17,H17NC03MEA9,210,4,0,206,98.1,4,5349,151,UH17MECH2C4,75
67,2024-01-17,H17NC03MEB0,123,1,2,120,98.64,1.67,6500,186,UH17MECH2A6,75
68,2024-01-17,H17NC03MEB9,84,0,1,83,99.6,0.33,6930,193,UH17MECH2A8,75
69,2024-01-18,H17NC03MEA1,283,0,10,273,98.82,3.33,5867,177,UH17MECH2C2,75
70,2024-01-18,H17NC03MEA9,210,4,2,204,97.78,4.67,5241,163,UH17MECH2C4,75
71,2024-01-18,H17NC03MEB0,123,1,3,119,98.37,2,6502,188,UH17MECH2A6,75
72,2024-01-18,H17NC03MEB9,84,0,2,82,99.21,0.67,6908,196,UH17MECH2A8,75
73,2024-01-19,H17NC03MEA1,283,0,16,267,98.12,5.33,4951,148,UH17MECH2C2,73.94
74,2024-01-19,H17NC03MEA9,211,3,3,205,98.1,4,5588,163,UH17MECH2C4,75
75,2024-01-19,H17NC03MEB0,123,1,6,116,97.56,3,6011,172,UH17MECH2A6,75
76,2024-01-19,H17NC03MEB9,85,0,1,84,99.61,0.33,6966,195,UH17MECH2A8,75
77,2024-01-20,H17NC03MEA1,283,1,5,277,99.06,2.67,6094,170,,0
78,2024-01-20,H17NC03MEA9,211,4,2,205,97.79,4.67,5047,148,,0
79,2024-01-20,H17NC03MEB0,122,0,4,118,98.91,1.33,6683,182,,0
80,2024-01-20,H17NC03MEB9,85,0,2,83,99.22,0.67,6881,191,,0
81,2024-01-21,H17NC03MEA1,282,0,6,276,99.29,2,6529,182,,0
82,2024-01-21,H17NC03MEA9,212,5,4,203,97.01,6.33,4581,140,,0
83,2024-01-21,H17NC03MEB0,123,0,3,120,99.19,1,6833,193,,0
84,2024-01-21,H17NC03MEB9,85,0,1,84,99.61,0.33,6952,194,,0
85,2024-01-22,H17NC03MEA1,282,0,63,219,92.55,21,2760,98,UH17MECH2C2,75
86,2024-01-22,H17NC03MEA9,212,3,6,203,97.64,5,5325,156,UH17MECH2C4,75
87,2024-01-22,H17NC03MEB0,122,1,35,86,89.62,12.67,3533,114,UH17MECH2A6,74.52
88,2024-01-22,H17NC03MEB9,85,0,2,83,99.22,0.67,6938,196,UH17MECH2A8,75
89,2024-01-23,H17NC03MEA1,283,0,37,246,95.64,12.33,3213,114,UH17MECH2C2,73.89
90,2024-01-23,H17NC03MEA9,212,4,0,208,98.11,4,5602,165,UH17MECH2C4,75
91,2024-01-23,H17NC03MEB0,122,1,2,119,98.63,1.67,6603,186,UH17MECH2A6,75
92,2024-01-23,H17NC03MEB9,85,0,1,84,99.61,0.33,6969,196,UH17MECH2A8,75
93,2024-01-24,H17NC03MEA1,283,0,71,212,91.64,23.67,2454,90,UH17MECH2C2,75
94,2024-01-24,H17NC03MEA9,211,5,2,204,97.31,5.67,4900,143,UH17MECH2C4,75
95,2024-01-24,H17NC03MEB0,122,1,29,92,91.26,10.67,3588,118,UH17MECH2A6,74.95
96,2024-01-24,H17NC03MEB9,85,0,1,84,99.61,0.33,6995,195,UH17MECH2A8,75
97,2024-01-25,H17NC03MEA1,283,0,4,279,99.53,1.33,6631,182,UH17MECH2C2,75
98,2024-01-25,H17NC03MEA9,211,7,0,204,96.68,7,4015,127,UH17MECH2C4,73.89
99,2024-01-25,H17NC03MEB0,121,0,1,120,99.72,0.33,6979,196,UH17MECH2A6,75
100,2024-01-25,H17NC03MEB9,85,1,1,83,98.43,1.33,6632,183,UH17MECH2A8,75
101,2024-01-26,H17NC03MEA1,283,0,54,229,93.64,18,2767,103,UH17MECH2C2,75
102,2024-01-26,H17NC03MEA9,211,4,2,205,97.79,4.67,5378,162,UH17MECH2C4,75
103,2024-01-26,H17NC03MEB0,121,0,3,118,99.17,1,6840,195,UH17MECH2A6,75
104,2024-01-26,H17NC03MEB9,85,0,2,83,99.22,0.67,6930,196,UH17MECH2A8,75
105,2024-01-27,H17NC03MEA1,283,1,9,273,98.59,4,5524,172,,0
106,2024-01-27,H17NC03MEA9,211,3,4,204,97.95,4.33,5407,167,,0
107,2024-01-27,H17NC03MEB0,121,1,10,110,96.42,4.33,5408,168,,0
108,2024-01-27,H17NC03MEB9,85,0,1,84,99.61,0.33,7006,196,,0
109,2024-01-28,H17NC03MEA1,283,0,81,202,90.46,27,2198,90,,0
110,2024-01-28,H17NC03MEA9,211,4,3,204,97.63,5,5219,168,,0
111,2024-01-28,H17NC03MEB0,121,0,11,110,96.97,3.67,5813,178,,0
112,2024-01-28,H17NC03MEB9,85,0,3,82,98.82,1,6868,192,,0
113,2024-01-29,H17NC03MEA1,283,0,71,212,91.64,23.67,2231,93,UH17MECH2C2,75
114,2024-01-29,H17NC03MEA9,211,3,4,204,97.95,4.33,5351,163,UH17MECH2C4,75
115,2024-01-29,H17NC03MEB0,121,0,6,115,98.35,2,6443,185,UH17MECH2A6,75
116,2024-01-29,H17NC03MEB9,84,1,0,83,98.81,1,6840,193,UH17MECH2A8,75
117,2024-01-30,H17NC03MEA1,283,0,87,196,89.75,29,1880,78,UH17MECH2C2,74.95
118,2024-01-30,H17NC03MEA9,210,3,1,206,98.41,3.33,5758,173,UH17MECH2C4,75
119,2024-01-30,H17NC03MEB0,121,0,1,120,99.72,0.33,6937,193,UH17MECH2A6,75
120,2024-01-30,H17NC03MEB9,84,1,0,83,98.81,1,6768,191,UH17MECH2A8,75
121,2024-01-31,H17NC03MEA1,283,0,8,275,99.06,2.67,6045,173,UH17MECH2C2,75
122,2024-01-31,H17NC03MEA9,209,3,5,201,97.77,4.67,4968,145,UH17MECH2C4,75
123,2024-01-31,H17NC03MEB0,121,0,8,113,97.8,2.67,6046,174,UH17MECH2A6,75
124,2024-01-31,H17NC03MEB9,84,1,0,83,98.81,1,6762,192,UH17MECH2A8,75
125,2024-02-01,H17NC03MEA1,283,0,56,227,93.4,18.67,2446,95,UH17MECH2C2,73.88
126,2024-02-01,H17NC03MEA9,209,4,4,201,97.45,5.33,4877,151,UH17MECH2C4,75
127,2024-02-01,H17NC03MEB0,120,0,5,115,98.61,1.67,6643,189,UH17MECH2A6,74.98
128,2024-02-01,H17NC03MEB9,84,1,1,82,98.41,1.33,6726,192,UH17MECH2A8,75
129,2024-02-02,H17NC03MEA1,282,0,2,280,99.76,0.67,6874,192,UH17MECH2C2,75
130,2024-02-02,H17NC03MEA9,208,3,1,204,98.4,3.33,5685,162,UH17MECH2C4,75
131,2024-02-02,H17NC03MEB0,120,2,47,71,85.28,17.67,2370,100,UH17MECH2A6,69.12
132,2024-02-02,H17NC03MEB9,85,1,0,84,98.82,1,6757,190,UH17MECH2A8,75
133,2024-02-03,H17NC03MEA1,282,1,53,228,93.38,18.67,2214,96,,0
134,2024-02-03,H17NC03MEA9,208,3,6,199,97.6,5,4646,147,,0
135,2024-02-03,H17NC03MEB0,120,0,28,92,92.22,9.33,3135,119,,0
136,2024-02-03,H17NC03MEB9,85,1,0,84,98.82,1,6773,191,,0
137,2024-02-04,H17NC03MEA1,280,1,110,169,86.55,37.67,1583,69,,0
138,2024-02-04,H17NC03MEA9,208,3,3,202,98.08,4,5297,162,,0
139,2024-02-04,H17NC03MEB0,120,0,68,52,81.11,22.67,2196,94,,0
140,2024-02-04,H17NC03MEB9,84,1,0,83,98.81,1,6790,191,,0
141,2024-02-05,H17NC03MEA1,281,1,104,176,87.31,35.67,1635,70,UH17MECH2C2,72.08
142,2024-02-05,H17NC03MEA9,209,3,0,206,98.56,3,5916,172,UH17MECH2C4,75
143,2024-02-05,H17NC03MEB0,120,0,2,118,99.44,0.67,6866,196,UH17MECH2A6,75
144,2024-02-05,H17NC03MEB9,84,1,0,83,98.81,1,6809,192,UH17MECH2A8,75
145,2024-02-06,H17NC03MEA1,280,0,115,165,86.31,38.33,1635,67,UH17MECH2C2,73.8
146,2024-02-06,H17NC03MEA9,208,3,3,202,98.08,4,5433,163,UH17MECH2C4,75
147,2024-02-06,H17NC03MEB0,121,1,43,77,87.33,15.33,2817,97,UH17MECH2A6,74.67
148,2024-02-06,H17NC03MEB9,84,1,0,83,98.81,1,6771,192,UH17MECH2A8,75
149,2024-02-07,H17NC03MEA1,280,0,16,264,98.1,5.33,4724,149,UH17MECH2C2,75
150,2024-02-07,H17NC03MEA9,208,4,2,202,97.76,4.67,5061,157,UH17MECH2C4,75
151,2024-02-07,H17NC03MEB0,121,0,59,62,83.75,19.67,2321,86,UH17MECH2A6,75
152,2024-02-07,H17NC03MEB9,84,1,0,83,98.81,1,6837,194,UH17MECH2A8,75
153,2024-02-08,H17NC03MEA1,280,1,51,228,93.57,18,2379,94,UH17MECH2C2,74.45
154,2024-02-08,H17NC03MEA9,208,3,2,203,98.24,3.67,5502,168,UH17MECH2C4,75
155,2024-02-08,H17NC03MEB0,121,0,22,99,93.94,7.33,3898,134,UH17MECH2A6,74.95
156,2024-02-08,H17NC03MEB9,84,1,0,83,98.81,1,6780,192,UH17MECH2A8,75
157,2024-02-09,H17NC03MEA1,281,3,81,197,89.32,30,1811,74,UH17MECH2C2,73.45
158,2024-02-09,H17NC03MEA9,209,5,0,204,97.61,5,4925,156,UH17MECH2C4,75
159,2024-02-09,H17NC03MEB0,120,0,2,118,99.44,0.67,6915,193,UH17MECH2A6,75
160,2024-02-09,H17NC03MEB9,84,1,0,83,98.81,1,6805,192,UH17MECH2A8,75
161,2024-02-10,H17NC03MEA1,282,2,23,257,96.57,9.67,3167,103,,0
162,2024-02-10,H17NC03MEA9,209,4,2,203,97.77,4.67,4957,141,,0
163,2024-02-10,H17NC03MEB0,119,1,52,66,84.59,18.33,2231,83,,0
164,2024-02-10,H17NC03MEB9,84,1,0,83,98.81,1,6770,191,,0
165,2024-02-11,H17NC03MEA1,282,1,4,277,99.17,2.33,6207,178,,0
166,2024-02-11,H17NC03MEA9,209,3,2,204,98.25,3.67,5465,155,,0
167,2024-02-11,H17NC03MEB0,120,1,56,63,83.61,19.67,2169,80,,0
168,2024-02-11,H17NC03MEB9,84,1,0,83,98.81,1,6799,189,,0
169,2024-02-12,H17NC03MEA1,283,0,55,228,93.52,18.33,2506,93,UH17MECH2C2,74.65
170,2024-02-12,H17NC03MEA9,209,3,4,202,97.93,4.33,5406,168,UH17MECH2C4,75
171,2024-02-12,H17NC03MEB0,120,1,16,103,94.72,6.33,4466,148,UH17MECH2A6,75
172,2024-02-12,H17NC03MEB9,84,1,1,82,98.41,1.33,6754,191,UH17MECH2A8,75
173,2024-02-13,H17NC03MEA1,282,1,78,203,90.43,27,2122,85,UH17MECH2C2,75
174,2024-02-13,H17NC03MEA9,209,4,2,203,97.77,4.67,5239,154,UH17MECH2C4,75
175,2024-02-13,H17NC03MEB0,120,1,6,113,97.5,3,6007,176,UH17MECH2A6,73.91
176,2024-02-13,H17NC03MEB9,84,1,0,83,98.81,1,6820,192,UH17MECH2A8,75
177,2024-02-14,H17NC03MEA1,281,1,111,169,86.48,38,1452,62,UH17MECH2C2,72.24
178,2024-02-14,H17NC03MEA9,210,4,0,206,98.1,4,5290,150,UH17MECH2C4,75
179,2024-02-14,H17NC03MEB0,120,1,2,117,98.61,1.67,6472,185,UH17MECH2A6,75
180,2024-02-14,H17NC03MEB9,84,1,0,83,98.81,1,6758,192,UH17MECH2A8,75
181,2024-02-15,H17NC03MEA1,282,3,81,198,89.36,30,1815,69,UH17MECH2C2,74.81
182,2024-02-15,H17NC03MEA9,210,4,1,205,97.94,4.33,5352,158,UH17MECH2C4,75
183,2024-02-15,H17NC03MEB0,120,1,2,117,98.61,1.67,6609,188,UH17MECH2A6,75
184,2024-02-15,H17NC03MEB9,84,1,0,83,98.81,1,6820,194,UH17MECH2A8,75
185,2024-02-16,H17NC03MEA1,280,1,49,230,93.81,17.33,2316,81,UH17MECH2C2,75
186,2024-02-16,H17NC03MEA9,210,4,0,206,98.1,4,5220,141,UH17MECH2C4,75
187,2024-02-16,H17NC03MEB0,120,1,1,118,98.89,1.33,6618,187,UH17MECH2A6,75
188,2024-02-16,H17NC03MEB9,84,1,0,83,98.81,1,6798,191,UH17MECH2A8,75
189,2024-02-17,H17NC03MEA1,281,3,25,253,95.97,11.33,2973,100,,0
190,2024-02-17,H17NC03MEA9,210,5,4,201,96.98,6.33,4224,135,,0
191,2024-02-17,H17NC03MEB0,120,0,3,117,99.17,1,6833,193,,0
192,2024-02-17,H17NC03MEB9,84,1,0,83,98.81,1,6834,194,,0
193,2024-02-18,H17NC03MEA1,281,2,6,273,98.58,4,5295,153,,0
194,2024-02-18,H17NC03MEA9,210,5,4,201,96.98,6.33,4252,126,,0
195,2024-02-18,H17NC03MEB0,120,0,2,118,99.44,0.67,6876,195,,0
196,2024-02-18,H17NC03MEB9,84,1,0,83,98.81,1,6825,192,,0
197,2024-02-19,H17NC03MEA1,281,0,3,278,99.64,1,6732,190,UH17MECH2C2,75
198,2024-02-19,H17NC03MEA9,211,4,1,206,97.95,4.33,5049,150,UH17MECH2C4,75
199,2024-02-19,H17NC03MEB0,120,0,1,119,99.72,0.33,6929,195,UH17MECH2A6,75
200,2024-02-19,H17NC03MEB9,84,1,0,83,98.81,1,6733,191,UH17MECH2A8,75
201,2024-02-20,H17NC03MEA1,282,1,14,267,97.99,5.67,4497,144,UH17MECH2C2,75
202,2024-02-20,H17NC03MEA9,211,3,3,205,98.1,4,5297,162,UH17MECH2C4,75
203,2024-02-20,H17NC03MEB0,120,0,19,101,94.72,6.33,4240,136,UH17MECH2A6,74.97
204,2024-02-20,H17NC03MEB9,84,1,0,83,98.81,1,6816,194,UH17MECH2A8,75
205,2024-02-21,H17NC03MEA1,282,0,3,279,99.65,1,6757,189,UH17MECH2C2,75
206,2024-02-21,H17NC03MEA9,211,3,3,205,98.1,4,5359,147,UH17MECH2C4,75
207,2024-02-21,H17NC03MEB0,120,2,63,55,80.83,23,2170,74,UH17MECH2A6,73.19
208,2024-02-21,H17NC03MEB9,84,1,0,83,98.81,1,6758,190,UH17MECH2A8,75
209,2024-02-22,H17NC03MEA1,282,0,37,245,95.63,12.33,3446,114,UH17MECH2C2,74.06
210,2024-02-22,H17NC03MEA9,210,4,2,204,97.78,4.67,5339,158,UH17MECH2C4,75
211,2024-02-22,H17NC03MEB0,120,1,28,91,91.39,10.33,3749,120,UH17MECH2A6,74.82
212,2024-02-22,H17NC03MEB9,84,1,0,83,98.81,1,6865,193,UH17MECH2A8,75
213,2024-02-23,H17NC03MEA1,282,1,4,277,99.17,2.33,6347,179,UH17MECH2C2,75
214,2024-02-23,H17NC03MEA9,210,4,4,202,97.46,5.33,4865,142,UH17MECH2C4,75
215,2024-02-23,H17NC03MEB0,120,1,53,66,84.44,18.67,2608,88,UH17MECH2A6,74.74
216,2024-02-23,H17NC03MEB9,84,1,1,82,98.41,1.33,6691,186,UH17MECH2A8,75
217,2024-02-24,H17NC03MEA1,282,0,36,246,95.74,12,2904,100,,0
218,2024-02-24,H17NC03MEA9,210,5,3,202,97.14,6,4318,133,,0
219,2024-02-24,H17NC03MEB0,120,1,3,116,98.33,2,6392,182,,0
220,2024-02-24,H17NC03MEB9,84,1,0,83,98.81,1,6753,191,,0
221,2024-02-25,H17NC03MEA1,282,0,107,175,87.35,35.67,1668,70,,0
222,2024-02-25,H17NC03MEA9,210,5,2,203,97.3,5.67,4577,145,,0
223,2024-02-25,H17NC03MEB0,120,0,1,119,99.72,0.33,6951,195,,0
224,2024-02-25,H17NC03MEB9,84,1,0,83,98.81,1,6809,192,,0
225,2024-02-26,H17NC03MEA1,282,0,4,278,99.53,1.33,6588,187,UH17MECH2C2,74.95
226,2024-02-26,H17NC03MEA9,210,3,3,204,98.1,4,5198,157,UH17MECH2C4,75
227,2024-02-26,H17NC03MEB0,120,0,50,70,86.11,16.67,2417,87,UH17MECH2A6,74.24
228,2024-02-26,H17NC03MEB9,84,1,0,83,98.81,1,6798,191,UH17MECH2A8,75
229,2024-02-27,H17NC03MEA1,282,2,14,266,97.64,6.67,4513,149,UH17MECH2C2,75
230,2024-02-27,H17NC03MEA9,210,3,6,201,97.62,5,5140,166,UH17MECH2C4,75
231,2024-02-27,H17NC03MEB0,120,1,62,57,81.94,21.67,2397,85,UH17MECH2A6,69.82
232,2024-02-27,H17NC03MEB9,84,1,2,81,98.02,1.67,6659,190,UH17MECH2A8,75
233,2024-02-28,H17NC03MEA1,282,0,6,276,99.29,2,6473,185,UH17MECH2C2,75
234,2024-02-28,H17NC03MEA9,210,3,6,201,97.62,5,4952,159,UH17MECH2C4,75
235,2024-02-28,H17NC03MEB0,120,0,48,72,86.67,16,2613,94,UH17MECH2A6,74.93
236,2024-02-28,H17NC03MEB9,84,1,0,83,98.81,1,6815,192,UH17MECH2A8,75
237,2024-02-29,H17NC03MEA1,282,0,4,278,99.53,1.33,6585,184,UH17MECH2C2,75
238,2024-02-29,H17NC03MEA9,210,3,3,204,98.1,4,5128,144,UH17MECH2C4,75
239,2024-02-29,H17NC03MEB0,120,0,45,75,87.5,15,2429,88,UH17MECH2A6,73.6
240,2024-02-29,H17NC03MEB9,84,0,1,83,99.6,0.33,6979,195,UH17MECH2A8,75
241,2024-03-01,H17NC03MEA1,282,0,115,167,86.41,38.33,1490,66,UH17MECH2C2,71.99
242,2024-03-01,H17NC03MEA9,210,4,5,201,97.3,5.67,4674,152,UH17MECH2C4,74.82
243,2024-03-01,H17NC03MEB0,120,0,2,118,99.44,0.67,6892,193,UH17MECH2A6,75
244,2024-03-01,H17NC03MEB9,85,0,1,84,99.61,0.33,6992,195,UH17MECH2A8,75
245,2024-03-02,H17NC03MEA1,282,1,32,249,95.86,11.67,3147,107,,0
246,2024-03-02,H17NC03MEA9,211,4,3,204,97.63,5,5019,152,,0
247,2024-03-02,H17NC03MEB0,120,0,3,117,99.17,1,6852,193,,0
248,2024-03-02,H17NC03MEB9,85,1,0,84,98.82,1,6853,194,,0
249,2024-03-03,H17NC03MEA1,281,1,7,273,98.81,3.33,5671,169,,0
250,2024-03-03,H17NC03MEA9,211,2,4,205,98.42,3.33,5672,170,,0
251,2024-03-03,H17NC03MEB0,120,0,2,118,99.44,0.67,6865,192,,0
252,2024-03-03,H17NC03MEB9,85,1,1,83,98.43,1.33,6630,187,,0
253,2024-03-04,H17NC03MEA1,281,0,47,234,94.42,15.67,2892,106,,0
254,2024-03-04,H17NC03MEA9,211,3,6,202,97.63,5,5348,167,,0
255,2024-03-04,H17NC03MEB0,120,0,3,117,99.17,1,6912,195,,0
256,2024-03-04,H17NC03MEB9,85,0,4,81,98.43,1.33,6775,194,,0
257,2024-03-05,H17NC03MEA1,281,0,4,277,99.53,1.33,6625,184,,0
258,2024-03-05,H17NC03MEA9,211,3,3,205,98.1,4,5197,149,,0
259,2024-03-05,H17NC03MEB0,120,0,2,118,99.44,0.67,6866,191,,0
260,2024-03-05,H17NC03MEB9,85,0,0,85,100,0,7033,197,,0
261,2024-03-06,H17NC03MEA1,281,0,52,229,93.83,17.33,2849,110,,0
262,2024-03-06,H17NC03MEA9,211,3,5,203,97.79,4.67,5427,169,,0
263,2024-03-06,H17NC03MEB0,120,0,5,115,98.61,1.67,6705,192,,0
264,2024-03-06,H17NC03MEB9,84,0,0,84,100,0,7043,197,,0
265,2024-03-07,H17NC03MEA1,281,0,43,238,94.9,14.33,2919,107,,0
266,2024-03-07,H17NC03MEA9,211,3,9,199,97.16,6,4713,151,,0
267,2024-03-07,H17NC03MEB0,120,0,5,115,98.61,1.67,6605,186,,0
268,2024-03-07,H17NC03MEB9,84,0,3,81,98.81,1,6817,193,,0
269,2024-03-08,H17NC03MEA1,280,0,49,231,94.17,16.33,2854,111,,0
270,2024-03-08,H17NC03MEA9,211,3,33,175,93.36,14,3069,116,,0
271,2024-03-08,H17NC03MEB0,120,0,3,117,99.17,1,6873,193,,0
272,2024-03-08,H17NC03MEB9,84,0,2,82,99.21,0.67,6919,196,,0
273,2024-03-09,H17NC03MEA1,281,1,39,241,95.02,14,3054,103,,0
274,2024-03-09,H17NC03MEA9,211,4,4,203,97.47,5.33,4960,152,,0
275,2024-03-09,H17NC03MEB0,120,0,3,117,99.17,1,6860,194,,0
276,2024-03-09,H17NC03MEB9,84,0,4,80,98.41,1.33,6710,192,,0
277,2024-03-10,H17NC03MEA1,281,1,7,273,98.81,3.33,5632,168,,0
278,2024-03-10,H17NC03MEA9,211,3,13,195,96.52,7.33,3813,124,,0
279,2024-03-10,H17NC03MEB0,120,1,2,117,98.61,1.67,6480,183,,0
280,2024-03-10,H17NC03MEB9,84,0,2,82,99.21,0.67,6895,194,,0
281,2024-03-11,H17NC03MEA1,281,0,4,277,99.53,1.33,6597,184,UH17MECH2C2,75
282,2024-03-11,H17NC03MEA9,211,3,3,205,98.1,4,5160,153,UH17MECH2C4,75
283,2024-03-11,H17NC03MEB0,120,1,3,116,98.33,2,6260,180,UH17MECH2A6,75
284,2024-03-11,H17NC03MEB9,84,1,1,82,98.41,1.33,6598,185,UH17MECH2A8,75
285,2024-03-12,H17NC03MEA1,281,0,53,228,93.71,17.67,2417,84,UH17MECH2C2,75
286,2024-03-12,H17NC03MEA9,211,3,1,207,98.42,3.33,5569,171,UH17MECH2C4,75
287,2024-03-12,H17NC03MEB0,120,1,3,116,98.33,2,6288,184,UH17MECH2A6,75
288,2024-03-12,H17NC03MEB9,83,0,0,83,100,0,7020,196,UH17MECH2A8,75
289,2024-03-13,H17NC03MEA1,279,2,34,243,95.22,13.33,2790,104,UH17MECH2C2,75
290,2024-03-13,H17NC03MEA9,211,3,2,206,98.26,3.67,5422,160,UH17MECH2C4,75
291,2024-03-13,H17NC03MEB0,120,2,3,115,97.5,3,5813,173,UH17MECH2A6,75
292,2024-03-13,H17NC03MEB9,83,0,0,83,100,0,7024,196,UH17MECH2A8,75
293,2024-03-14,H17NC03MEA1,279,0,57,222,93.19,19,2591,86,UH17MECH2C2,75
294,2024-03-14,H17NC03MEA9,210,2,4,204,98.41,3.33,6006,180,UH17MECH2C4,75
295,2024-03-14,H17NC03MEB0,120,1,3,116,98.33,2,6564,189,UH17MECH2A6,75
296,2024-03-14,H17NC03MEB9,83,0,3,80,98.8,1,6903,194,UH17MECH2A8,75
297,2024-03-15,H17NC03MEA1,280,0,7,273,99.17,2.33,6235,179,UH17MECH2C2,75
298,2024-03-15,H17NC03MEA9,210,3,2,205,98.25,3.67,5534,165,UH17MECH2C4,75
299,2024-03-15,H17NC03MEB0,120,2,2,116,97.78,2.67,6119,175,UH17MECH2A6,75
300,2024-03-15,H17NC03MEB9,84,0,1,83,99.6,0.33,6959,193,UH17MECH2A8,75
301,2024-03-16,H17NC03MEA1,279,0,3,276,99.64,1,6792,190,,0
302,2024-03-16,H17NC03MEA9,210,3,5,202,97.78,4.67,5086,151,,0
303,2024-03-16,H17NC03MEB0,120,0,2,118,99.44,0.67,6898,193,,0
304,2024-03-16,H17NC03MEB9,83,0,0,83,100,0,7232,195,,0
305,2024-03-17,H17NC03MEA1,279,0,12,267,98.57,4,5415,159,,0
306,2024-03-17,H17NC03MEA9,210,3,2,205,98.25,3.67,5532,164,,0
307,2024-03-17,H17NC03MEB0,119,1,1,117,98.88,1.33,6715,189,,0
308,2024-03-17,H17NC03MEB9,83,0,0,83,100,0,7233,195,,0
309,2024-03-18,H17NC03MEA1,280,0,42,238,95,14,3033,105,UH17MECH2C2,75
310,2024-03-18,H17NC03MEA9,210,3,4,203,97.94,4.33,5505,169,UH17MECH2C4,75
311,2024-03-18,H17NC03MEB0,119,1,3,115,98.32,2,6510,189,UH17MECH2A6,75
312,2024-03-18,H17NC03MEB9,83,0,0,83,100,0,7039,197,UH17MECH2A8,75
313,2024-03-19,H17NC03MEA1,280,0,56,224,93.33,18.67,2743,108,UH17MECH2C2,75
314,2024-03-19,H17NC03MEA9,210,2,72,136,87.62,26,2237,88,UH17MECH2C4,74.69
315,2024-03-19,H17NC03MEB0,118,2,3,113,97.46,3,6194,183,UH17MECH2A6,75
316,2024-03-19,H17NC03MEB9,83,0,1,82,99.6,0.33,6978,196,UH17MECH2A8,75
317,2024-03-20,H17NC03MEA1,280,0,74,206,91.19,24.67,2360,91,UH17MECH2C2,74.79
318,2024-03-20,H17NC03MEA9,211,5,37,169,91.79,17.33,2928,114,UH17MECH2C4,75
319,2024-03-20,H17NC03MEB0,118,1,3,114,98.31,2,6659,191,UH17MECH2A6,75
320,2024-03-20,H17NC03MEB9,83,0,2,81,99.2,0.67,6966,194,UH17MECH2A8,75
321,2024-03-21,H17NC03MEA1,281,0,14,267,98.34,4.67,5132,151,UH17MECH2C2,75
322,2024-03-21,H17NC03MEA9,211,3,5,203,97.79,4.67,5133,152,UH17MECH2C4,74.88
323,2024-03-21,H17NC03MEB0,118,1,1,116,98.87,1.33,6736,188,UH17MECH2A6,75
324,2024-03-21,H17NC03MEB9,83,0,1,82,99.6,0.33,6967,194,UH17MECH2A8,75
325,2024-03-22,H17NC03MEA1,280,0,61,219,92.74,20.33,2212,84,UH17MECH2C2,75
326,2024-03-22,H17NC03MEA9,211,2,3,206,98.58,3,5816,166,UH17MECH2C4,75
327,2024-03-22,H17NC03MEB0,118,2,3,113,97.46,3,5817,167,UH17MECH2A6,75
328,2024-03-22,H17NC03MEB9,83,0,0,83,100,0,7238,196,UH17MECH2A8,75
329,2024-03-23,H17NC03MEA1,280,0,8,272,99.05,2.67,6361,184,,0
330,2024-03-23,H17NC03MEA9,211,2,6,203,98.1,4,5793,171,,0
331,2024-03-23,H17NC03MEB0,118,0,2,116,99.44,0.67,6954,194,,0
332,2024-03-23,H17NC03MEB9,83,0,4,79,98.39,1.33,6811,191,,0
333,2024-03-24,H17NC03MEA1,281,0,7,274,99.17,2.33,6359,180,,0
334,2024-03-24,H17NC03MEA9,210,2,2,206,98.73,2.67,6255,176,,0
335,2024-03-24,H17NC03MEB0,118,1,1,116,98.87,1.33,6754,189,,0
336,2024-03-24,H17NC03MEB9,83,0,3,80,98.8,1,6835,190,,0
337,2024-03-25,H17NC03MEA1,281,0,9,272,98.93,3,6215,181,UH17MECH2C2,75
338,2024-03-25,H17NC03MEA9,210,3,6,201,97.62,5,5366,162,UH17MECH2C4,75
339,2024-03-25,H17NC03MEB0,118,0,3,115,99.15,1,6881,193,UH17MECH2A6,75
340,2024-03-25,H17NC03MEB9,83,0,2,81,99.2,0.67,6965,194,UH17MECH2A8,75
341,2024-03-26,H17NC03MEA1,281,1,6,274,98.93,3,6168,181,UH17MECH2C2,75
342,2024-03-26,H17NC03MEA9,211,4,2,205,97.79,4.67,5360,163,UH17MECH2C4,75
343,2024-03-26,H17NC03MEB0,120,1,2,117,98.61,1.67,6662,190,UH17MECH2A6,75
344,2024-03-26,H17NC03MEB9,83,0,2,81,99.2,0.67,6919,194,UH17MECH2A8,75
345,2024-03-27,H17NC03MEA1,281,1,6,274,98.93,3,6061,179,UH17MECH2C2,75
346,2024-03-27,H17NC03MEA9,211,3,3,205,98.1,4,5631,167,UH17MECH2C4,75
347,2024-03-27,H17NC03MEB0,120,1,1,118,98.89,1.33,6757,191,UH17MECH2A6,75
348,2024-03-27,H17NC03MEB9,83,0,1,82,99.6,0.33,6974,195,UH17MECH2A8,75
349,2024-03-28,H17NC03MEA1,281,1,4,276,99.17,2.33,6478,188,UH17MECH2C2,75
350,2024-03-28,H17NC03MEA9,209,2,4,203,98.41,3.33,6025,179,UH17MECH2C4,75
351,2024-03-28,H17NC03MEB0,120,0,25,95,93.06,8.33,4291,131,UH17MECH2A6,75
352,2024-03-28,H17NC03MEB9,83,1,1,81,98.39,1.33,6764,192,UH17MECH2A8,75
353,2024-03-29,H17NC03MEA1,281,1,8,272,98.7,3.67,5873,172,UH17MECH2C2,75
354,2024-03-29,H17NC03MEA9,209,2,4,203,98.41,3.33,5978,175,UH17MECH2C4,74.91
355,2024-03-29,H17NC03MEB0,120,0,3,117,99.17,1,6874,193,UH17MECH2A6,75
356,2024-03-29,H17NC03MEB9,84,0,1,83,99.6,0.33,7008,196,UH17MECH2A8,75
357,2024-03-30,H17NC03MEA1,281,0,4,277,99.53,1.33,6716,187,,0
358,2024-03-30,H17NC03MEA9,207,3,2,202,98.23,3.67,5593,173,,0
359,2024-03-30,H17NC03MEB0,120,0,0,120,100,0,7240,197,,0
360,2024-03-30,H17NC03MEB9,84,0,2,82,99.21,0.67,6904,191,,0
361,2024-03-31,H17NC03MEA1,281,0,8,273,99.05,2.67,6221,182,,0
362,2024-03-31,H17NC03MEA9,206,3,8,195,97.25,5.67,4873,156,,0
363,2024-03-31,H17NC03MEB0,120,0,0,120,100,0,7031,197,,0
364,2024-03-31,H17NC03MEB9,84,0,4,80,98.41,1.33,6747,192,,0
365,2024-04-01,H17NC03MEA1,280,0,5,275,99.4,1.67,6670,190,UH17MECH2C2,75
366,2024-04-01,H17NC03MEA9,205,3,3,199,98.05,4,5585,170,UH17MECH2C4,75
367,2024-04-01,H17NC03MEB0,120,0,26,94,92.78,8.67,3795,131,UH17MECH2A6,75
368,2024-04-01,H17NC03MEB9,84,1,3,80,97.62,2,6521,187,UH17MECH2A8,75
369,2024-04-02,H17NC03MEA1,280,0,5,275,99.4,1.67,6573,188,UH17MECH2C2,75
370,2024-04-02,H17NC03MEA9,206,3,4,199,97.9,4.33,5256,159,UH17MECH2C4,75
371,2024-04-02,H17NC03MEB0,120,0,3,117,99.17,1,6812,192,UH17MECH2A6,75
372,2024-04-02,H17NC03MEB9,84,0,1,83,99.6,0.33,6956,194,UH17MECH2A8,75
373,2024-04-03,H17NC03MEA1,280,1,6,273,98.93,3,6098,179,UH17MECH2C2,75
374,2024-04-03,H17NC03MEA9,204,6,12,186,95.1,10,3513,114,UH17MECH2C4,75
375,2024-04-03,H17NC03MEB0,120,0,2,118,99.44,0.67,6911,193,UH17MECH2A6,75
376,2024-04-03,H17NC03MEB9,84,0,2,82,99.21,0.67,6912,194,UH17MECH2A8,75
377,2024-04-04,H17NC03MEA1,281,1,9,271,98.58,4,5713,174,UH17MECH2C2,75
378,2024-04-04,H17NC03MEA9,205,4,8,193,96.75,6.67,4591,143,UH17MECH2C4,72.86
379,2024-04-04,H17NC03MEB0,120,0,11,109,96.94,3.67,5890,177,UH17MECH2A6,75
380,2024-04-04,H17NC03MEB9,84,0,1,83,99.6,0.33,7019,196,UH17MECH2A8,75
381,2024-04-05,H17NC03MEA1,280,1,14,265,97.98,5.67,4871,151,UH17MECH2C2,75
382,2024-04-05,H17NC03MEA9,206,4,10,192,96.44,7.33,4240,135,UH17MECH2C4,75
383,2024-04-05,H17NC03MEB0,120,0,6,114,98.33,2,6555,186,UH17MECH2A6,75
384,2024-04-05,H17NC03MEB9,84,0,1,83,99.6,0.33,7006,195,UH17MECH2A8,75
385,2024-04-06,H17NC03MEA1,280,2,6,272,98.57,4,5792,170,,0
386,2024-04-06,H17NC03MEA9,205,3,4,198,97.89,4.33,5576,164,,0
387,2024-04-06,H17NC03MEB0,120,1,47,72,86.11,16.67,2744,100,,0
388,2024-04-06,H17NC03MEB9,84,0,2,82,99.21,0.67,6956,193,,0
389,2024-04-07,H17NC03MEA1,280,1,10,269,98.45,4.33,5529,167,,0
390,2024-04-07,H17NC03MEA9,205,1,4,200,98.86,2.33,6447,185,,0
391,2024-04-07,H17NC03MEB0,120,0,65,55,81.94,21.67,2478,91,,0
392,2024-04-07,H17NC03MEB9,84,0,3,81,98.81,1,6866,192,,0
393,2024-04-08,H17NC03MEA1,280,2,7,271,98.45,4.33,5719,170,UH17MECH2C2,75
394,2024-04-08,H17NC03MEA9,206,1,4,201,98.87,2.33,6548,183,UH17MECH2C4,75
395,2024-04-08,H17NC03MEB0,120,1,47,72,86.11,16.67,2948,105,UH17MECH2A6,75
396,2024-04-08,H17NC03MEB9,84,0,1,83,99.6,0.33,7017,197,UH17MECH2A8,75
397,2024-04-09,H17NC03MEA1,280,2,6,272,98.57,4,5790,171,UH17MECH2C2,75
398,2024-04-09,H17NC03MEA9,206,1,3,202,99.03,2,6622,184,UH17MECH2C4,75
399,2024-04-09,H17NC03MEB0,120,1,61,58,82.22,21.33,2672,102,UH17MECH2A6,75
400,2024-04-09,H17NC03MEB9,84,0,2,82,99.21,0.67,6954,196,UH17MECH2A8,75
401,2024-04-10,H17NC03MEA1,280,2,7,271,98.45,4.33,5678,179,UH17MECH2C2,75
402,2024-04-10,H17NC03MEA9,207,1,63,143,89.37,22,2483,91,UH17MECH2C4,73.84
403,2024-04-10,H17NC03MEB0,120,1,52,67,84.72,18.33,2746,106,UH17MECH2A6,74.24
404,2024-04-10,H17NC03MEB9,84,0,5,79,98.02,1.67,6765,192,UH17MECH2A8,75
405,2024-04-11,H17NC03MEA1,280,1,6,273,98.93,3,5679,171,UH17MECH2C2,75
406,2024-04-11,H17NC03MEA9,206,1,16,189,96.93,6.33,4022,130,UH17MECH2C4,74.86
407,2024-04-11,H17NC03MEB0,120,0,1,119,99.72,0.33,6857,192,UH17MECH2A6,75
408,2024-04-11,H17NC03MEB9,84,0,0,84,100,0,6914,196,UH17MECH2A8,75
409,2024-04-12,H17NC03MEA1,280,2,8,270,98.33,4.67,5304,175,UH17MECH2C2,75
410,2024-04-12,H17NC03MEA9,207,1,28,178,95.01,10.33,3545,124,UH17MECH2C4,74.7
411,2024-04-12,H17NC03MEB0,120,1,21,98,93.33,8,4102,139,UH17MECH2A6,74.16
412,2024-04-12,H17NC03MEB9,84,0,3,81,98.81,1,6739,191,UH17MECH2A8,75
413,2024-04-13,H17NC03MEA1,281,3,15,263,97.15,8,4254,147,,0
414,2024-04-13,H17NC03MEA9,206,0,51,155,91.75,17,2755,97,,0
415,2024-04-13,H17NC03MEB0,121,1,2,118,98.62,1.67,6624,192,,0
416,2024-04-13,H17NC03MEB9,84,0,3,81,98.81,1,6781,196,,0
417,2024-04-14,H17NC03MEA1,281,1,14,266,97.98,5.67,4851,159,,0
418,2024-04-14,H17NC03MEA9,206,1,12,193,97.57,5,5142,171,,0
419,2024-04-14,H17NC03MEB0,121,1,4,116,98.07,2.33,6332,189,,0
420,2024-04-14,H17NC03MEB9,85,0,4,81,98.43,1.33,6691,192,,0
421,2024-04-15,H17NC03MEA1,281,1,12,268,98.22,5,5428,171,UH17MECH2C2,75
422,2024-04-15,H17NC03MEA9,206,2,58,146,89.64,21.33,2714,112,UH17MECH2C4,72.26
423,2024-04-15,H17NC03MEB0,121,1,11,109,96.14,4.67,5526,175,UH17MECH2A6,75
424,2024-04-15,H17NC03MEB9,85,0,3,82,98.82,1,6861,193,UH17MECH2A8,75
425,2024-04-16,H17NC03MEA1,282,1,52,229,93.5,18.33,2475,97,UH17MECH2C2,75
426,2024-04-16,H17NC03MEA9,206,2,77,127,86.57,27.67,1914,81,UH17MECH2C4,71.1
427,2024-04-16,H17NC03MEB0,121,1,20,100,93.66,7.67,3997,143,UH17MECH2A6,75
428,2024-04-16,H17NC03MEB9,85,0,0,85,100,0,6976,197,UH17MECH2A8,75
429,2024-04-17,H17NC03MEA1,241,1,5,235,98.89,2.67,6070,182,UH17MECH2C2,75
430,2024-04-17,H17NC03MEA9,177,2,80,95,83.8,28.67,1771,75,UH17MECH2C4,71.17
431,2024-04-17,H17NC03MEB0,106,1,1,104,98.74,1.33,6658,191,UH17MECH2A6,75
432,2024-04-17,H17NC03MEB9,79,0,1,78,99.58,0.33,6940,195,UH17MECH2A8,75
433,2024-04-18,H17NC03MEA1,282,1,44,237,94.44,15.67,2883,106,UH17MECH2C2,73.91
434,2024-04-18,H17NC03MEA9,206,3,79,124,85.76,29.33,1927,81,UH17MECH2C4,71.46
435,2024-04-18,H17NC03MEB0,122,1,3,118,98.36,2,6556,188,UH17MECH2A6,75
436,2024-04-18,H17NC03MEB9,85,0,2,83,99.22,0.67,6894,194,UH17MECH2A8,75
437,2024-04-19,H17NC03MEA1,282,1,5,276,99.05,2.67,6188,181,UH17MECH2C2,75
438,2024-04-19,H17NC03MEA9,206,3,77,126,86.08,28.67,1938,85,UH17MECH2C4,70.34
439,2024-04-19,H17NC03MEB0,122,0,2,120,99.45,0.67,6866,193,UH17MECH2A6,75
440,2024-04-19,H17NC03MEB9,85,0,2,83,99.22,0.67,6867,194,UH17MECH2A8,75
441,2024-04-20,H17NC03MEA1,283,3,66,214,91.17,25,2071,83,,0
442,2024-04-20,H17NC03MEA9,207,3,45,159,91.3,18,2488,97,,0
443,2024-04-20,H17NC03MEB0,122,0,3,119,99.18,1,6838,192,,0
444,2024-04-20,H17NC03MEB9,86,0,2,84,99.22,0.67,6872,194,,0
445,2024-04-21,H17NC03MEA1,283,2,86,195,89.16,30.67,1969,85,,0
446,2024-04-21,H17NC03MEA9,207,4,8,195,96.78,6.67,4668,148,,0
447,2024-04-21,H17NC03MEB0,122,0,2,120,99.45,0.67,6900,194,,0
448,2024-04-21,H17NC03MEB9,86,0,3,83,98.84,1,6873,191,,0
449,2024-04-22,H17NC03MEA1,282,1,32,249,95.86,11.67,3536,122,UH17MECH2C2,75
450,2024-04-22,H17NC03MEA9,207,3,5,199,97.75,4.67,5519,168,UH17MECH2C4,75
451,2024-04-22,H17NC03MEB0,122,0,3,119,99.18,1,6867,192,UH17MECH2A6,75
452,2024-04-22,H17NC03MEB9,86,0,4,82,98.45,1.33,6759,191,UH17MECH2A8,75
453,2024-04-23,H17NC03MEA1,282,1,26,255,96.57,9.67,3974,131,UH17MECH2C2,75
454,2024-04-23,H17NC03MEA9,207,3,8,196,97.26,5.67,5200,161,UH17MECH2C4,75
455,2024-04-23,H17NC03MEB0,122,0,2,120,99.45,0.67,6919,195,UH17MECH2A6,75
456,2024-04-23,H17NC03MEB9,86,0,5,81,98.06,1.67,6714,191,UH17MECH2A8,75
457,2024-04-24,H17NC03MEA1,281,2,8,271,98.34,4.67,5419,161,UH17MECH2C2,75
458,2024-04-24,H17NC03MEA9,207,3,8,196,97.26,5.67,4917,152,UH17MECH2C4,75
459,2024-04-24,H17NC03MEB0,122,0,2,120,99.45,0.67,6896,193,UH17MECH2A6,75
460,2024-04-24,H17NC03MEB9,86,0,2,84,99.22,0.67,6897,194,UH17MECH2A8,75
461,2024-04-25,H17NC03MEA1,281,1,8,272,98.7,3.67,5697,168,UH17MECH2C2,75
462,2024-04-25,H17NC03MEA9,206,1,5,200,98.71,2.67,6190,181,UH17MECH2C4,74.42
463,2024-04-25,H17NC03MEB0,122,0,3,119,99.18,1,6788,191,UH17MECH2A6,75
464,2024-04-25,H17NC03MEB9,86,0,1,85,99.61,0.33,6918,195,UH17MECH2A8,75
465,2024-04-26,H17NC03MEA1,281,1,44,236,94.42,15.67,2628,100,UH17MECH2C2,75
466,2024-04-26,H17NC03MEA9,208,1,4,203,98.88,2.33,6305,177,UH17MECH2C4,75
467,2024-04-26,H17NC03MEB0,122,0,1,121,99.73,0.33,6913,195,UH17MECH2A6,75
468,2024-04-26,H17NC03MEB9,86,0,1,85,99.61,0.33,6914,196,UH17MECH2A8,75
469,2024-04-27,H17NC03MEA1,280,1,9,270,98.57,4,5574,168,,0
470,2024-04-27,H17NC03MEA9,208,1,89,118,85.26,30.67,1652,68,,0
471,2024-04-27,H17NC03MEB0,122,0,54,68,85.25,18,2453,92,,0
472,2024-04-27,H17NC03MEB9,86,0,0,86,100,0,6979,198,,0
473,2024-04-28,H17NC03MEA1,280,1,7,272,98.81,3.33,5912,174,,0
474,2024-04-28,H17NC03MEA9,208,0,70,138,88.78,23.33,2363,92,,0
475,2024-04-28,H17NC03MEB0,122,1,61,60,82.51,21.33,2492,97,,0
476,2024-04-28,H17NC03MEB9,86,0,0,86,100,0,6978,198,,0
477,2024-04-29,H17NC03MEA1,280,2,51,227,93.21,19,2765,108,UH17MECH2C2,75
478,2024-04-29,H17NC03MEA9,207,2,83,122,85.67,29.67,2050,86,UH17MECH2C4,73.5
479,2024-04-29,H17NC03MEB0,122,0,3,119,99.18,1,6886,194,UH17MECH2A6,75
480,2024-04-29,H17NC03MEB9,86,0,3,83,98.84,1,6887,195,UH17MECH2A8,75
481,2024-04-30,H17NC03MEA1,281,1,41,239,94.78,14.67,2943,100,UH17MECH2C2,74.72
482,2024-04-30,H17NC03MEA9,207,2,31,174,94.04,12.33,3227,115,UH17MECH2C4,75
483,2024-04-30,H17NC03MEB0,121,0,2,119,99.45,0.67,6884,192,UH17MECH2A6,75
484,2024-04-30,H17NC03MEB9,86,0,3,83,98.84,1,6806,191,UH17MECH2A8,75
485,2024-05-01,H17NC03MEA1,281,3,66,212,91.1,25,2302,79,UH17MECH2C2,74.76
486,2024-05-01,H17NC03MEA9,205,2,50,153,90.89,18.67,2744,90,UH17MECH2C4,75
487,2024-05-01,H17NC03MEB0,121,0,13,108,96.42,4.33,5758,175,UH17MECH2A6,75
488,2024-05-01,H17NC03MEB9,86,0,3,83,98.84,1,6866,193,UH17MECH2A8,75
489,2024-05-02,H17NC03MEA1,281,2,11,268,97.98,5.67,5012,151,UH17MECH2C2,75
490,2024-05-02,H17NC03MEA9,207,2,75,130,86.96,27,2060,78,UH17MECH2C4,73.53
491,2024-05-02,H17NC03MEB0,121,0,3,118,99.17,1,6840,191,UH17MECH2A6,75
492,2024-05-02,H17NC03MEB9,86,0,2,84,99.22,0.67,6877,193,UH17MECH2A8,75
493,2024-05-03,H17NC03MEA1,283,1,110,172,86.69,37.67,1479,64,UH17MECH2C2,73.21
494,2024-05-03,H17NC03MEA9,206,2,5,199,98.22,3.67,5770,173,UH17MECH2C4,75
495,2024-05-03,H17NC03MEB0,121,0,37,84,89.81,12.33,3152,107,UH17MECH2A6,75
496,2024-05-03,H17NC03MEB9,86,0,1,85,99.61,0.33,6918,195,UH17MECH2A8,75
497,2024-05-04,H17NC03MEA1,282,2,29,251,95.86,11.67,3254,115,,0
498,2024-05-04,H17NC03MEA9,207,2,83,122,85.67,29.67,1764,76,,0
499,2024-05-04,H17NC03MEB0,121,0,35,86,90.36,11.67,3255,116,,0
500,2024-05-04,H17NC03MEB9,86,0,3,83,98.84,1,6833,191,,0
501,2024-05-05,H17NC03MEA1,282,2,26,254,96.22,10.67,3539,121,,0
502,2024-05-05,H17NC03MEA9,207,3,6,198,97.58,5,5321,169,,0
503,2024-05-05,H17NC03MEB0,120,0,2,118,99.44,0.67,6882,194,,0
504,2024-05-05,H17NC03MEB9,86,0,4,82,98.45,1.33,6746,192,,0
505,2024-05-06,H17NC03MEA1,282,2,5,275,98.7,3.67,5582,161,UH17MECH2C2,75
506,2024-05-06,H17NC03MEA9,207,4,1,202,97.91,4.33,5234,153,UH17MECH2C4,75
507,2024-05-06,H17NC03MEB0,120,0,1,119,99.72,0.33,6887,192,UH17MECH2A6,75
508,2024-05-06,H17NC03MEB9,86,0,0,86,100,0,7181,195,UH17MECH2A8,75
509,2024-05-07,H17NC03MEA1,282,1,9,272,98.58,4,5799,177,UH17MECH2C2,75
510,2024-05-07,H17NC03MEA9,207,4,10,193,96.46,7.33,4486,146,UH17MECH2C4,75
511,2024-05-07,H17NC03MEB0,120,0,32,88,91.11,10.67,3621,117,UH17MECH2A6,75
512,2024-05-07,H17NC03MEB9,86,0,1,85,99.61,0.33,6921,196,UH17MECH2A8,75
513,2024-05-08,H17NC03MEA1,283,1,62,220,92.34,21.67,1906,67,UH17MECH2C2,75
514,2024-05-08,H17NC03MEA9,207,4,3,200,97.58,5,4752,142,UH17MECH2C4,75
515,2024-05-08,H17NC03MEB0,120,0,40,80,88.89,13.33,2577,86,UH17MECH2A6,72.48
516,2024-05-08,H17NC03MEB9,86,0,2,84,99.22,0.67,6835,192,UH17MECH2A8,75
517,2024-05-09,H17NC03MEA1,282,2,12,268,97.87,6,5051,161,UH17MECH2C2,75
518,2024-05-09,H17NC03MEA9,208,5,53,150,89.1,22.67,2287,76,UH17MECH2C4,73.63
519,2024-05-09,H17NC03MEB0,120,0,49,71,86.39,16.33,2828,93,UH17MECH2A6,75
520,2024-05-09,H17NC03MEB9,86,0,4,82,98.45,1.33,6784,193,UH17MECH2A8,75
521,2024-05-10,H17NC03MEA1,282,1,13,268,98.11,5.33,5356,164,UH17MECH2C2,75
522,2024-05-10,H17NC03MEA9,208,5,7,196,96.47,7.33,4602,149,UH17MECH2C4,75
523,2024-05-10,H17NC03MEB0,120,0,6,114,98.33,2,6640,190,UH17MECH2A6,75
524,2024-05-10,H17NC03MEB9,86,0,2,84,99.22,0.67,6908,195,UH17MECH2A8,75
525,2024-05-11,H17NC03MEA1,282,2,12,268,97.87,6,5046,165,,0
526,2024-05-11,H17NC03MEA9,208,6,7,195,95.99,8.33,4312,142,,0
527,2024-05-11,H17NC03MEB0,120,0,3,117,99.17,1,6863,194,,0
528,2024-05-11,H17NC03MEB9,86,0,3,83,98.84,1,6864,195,,0
529,2024-05-12,H17NC03MEA1,282,2,13,267,97.75,6.33,5089,163,,0
530,2024-05-12,H17NC03MEA9,208,4,43,161,91.19,18.33,2761,99,,0
531,2024-05-12,H17NC03MEB0,120,0,46,74,87.22,15.33,3065,109,,0
532,2024-05-12,H17NC03MEB9,86,0,4,82,98.45,1.33,6787,194,,0
533,2024-05-13,H17NC03MEA1,282,1,14,267,97.99,5.67,5121,159,UH17MECH2C2,75
534,2024-05-13,H17NC03MEA9,208,4,3,201,97.6,5,5380,170,UH17MECH2C4,75
535,2024-05-13,H17NC03MEB0,119,0,2,117,99.44,0.67,6868,193,UH17MECH2A6,75
536,2024-05-13,H17NC03MEB9,86,0,1,85,99.61,0.33,6958,195,UH17MECH2A8,75
537,2024-05-14,H17NC03MEA1,282,1,8,273,98.7,3.67,6037,182,UH17MECH2C2,75
538,2024-05-14,H17NC03MEA9,208,4,53,151,89.58,21.67,2447,85,UH17MECH2C4,74.47
539,2024-05-14,H17NC03MEB0,119,0,31,88,91.32,10.33,3742,121,UH17MECH2A6,75
540,2024-05-14,H17NC03MEB9,86,0,0,86,100,0,7045,196,UH17MECH2A8,75
541,2024-05-15,H17NC03MEA1,282,1,13,268,98.11,5.33,4845,150,UH17MECH2C2,75
542,2024-05-15,H17NC03MEA9,208,5,7,196,96.47,7.33,4079,124,UH17MECH2C4,75
543,2024-05-15,H17NC03MEB0,119,1,2,116,98.6,1.67,6603,187,UH17MECH2A6,75
544,2024-05-15,H17NC03MEB9,86,0,2,84,99.22,0.67,6939,194,UH17MECH2A8,75
545,2024-05-16,H17NC03MEA1,281,1,12,268,98.22,5,5043,153,UH17MECH2C2,75
546,2024-05-16,H17NC03MEA9,207,4,7,196,96.94,6.33,4453,136,UH17MECH2C4,73.89
547,2024-05-16,H17NC03MEB0,119,0,2,117,99.44,0.67,6902,193,UH17MECH2A6,75
548,2024-05-16,H17NC03MEB9,86,0,0,86,100,0,7041,196,UH17MECH2A8,75
549,2024-05-17,H17NC03MEA1,281,1,22,258,97.03,8.33,3755,119,UH17MECH2C2,75
550,2024-05-17,H17NC03MEA9,207,6,27,174,92.75,15,2615,90,UH17MECH2C4,75
551,2024-05-17,H17NC03MEB0,119,0,52,67,85.43,17.33,2383,86,UH17MECH2A6,75
552,2024-05-17,H17NC03MEB9,86,0,2,84,99.22,0.67,6891,194,UH17MECH2A8,75
553,2024-05-18,H17NC03MEA1,281,1,75,205,90.75,26,1731,65,,0
554,2024-05-18,H17NC03MEA9,207,4,3,200,97.58,5,4916,155,,0
555,2024-05-18,H17NC03MEB0,119,0,2,117,99.44,0.67,6884,192,,0
556,2024-05-18,H17NC03MEB9,86,0,0,86,100,0,7032,195,,0
557,2024-05-19,H17NC03MEA1,281,1,102,178,87.54,35,1467,62,,0
558,2024-05-19,H17NC03MEA9,208,4,2,202,97.76,4.67,5297,168,,0
559,2024-05-19,H17NC03MEB0,119,0,4,115,98.88,1.33,6773,193,,0
560,2024-05-19,H17NC03MEB9,86,0,2,84,99.22,0.67,6923,195,,0
561,2024-05-20,H17NC03MEA1,281,1,101,179,87.66,34.67,1652,81,UH17MECH2C2,75
562,2024-05-20,H17NC03MEA9,208,3,63,142,88.46,24,2235,96,UH17MECH2C4,73.98
563,2024-05-20,H17NC03MEB0,119,0,47,72,86.83,15.67,2872,117,UH17MECH2A6,74.81
564,2024-05-20,H17NC03MEB9,86,0,1,85,99.61,0.33,6968,196,UH17MECH2A8,75
565,2024-05-21,H17NC03MEA1,281,1,37,243,95.26,13.33,2932,115,UH17MECH2C2,75
566,2024-05-21,H17NC03MEA9,208,3,40,165,92.15,16.33,2629,109,UH17MECH2C4,75
567,2024-05-21,H17NC03MEB0,119,0,3,116,99.16,1,6784,194,UH17MECH2A6,75
568,2024-05-21,H17NC03MEB9,86,0,4,82,98.45,1.33,6713,190,UH17MECH2A8,75
569,2024-05-22,H17NC03MEA1,281,2,19,260,97.03,8.33,4078,147,UH17MECH2C2,70.25
570,2024-05-22,H17NC03MEA9,208,3,33,172,93.27,14,3109,114,UH17MECH2C4,70.25
571,2024-05-22,H17NC03MEB0,119,0,2,117,99.44,0.67,6925,193,UH17MECH2A6,70.25
572,2024-05-22,H17NC03MEB9,86,0,1,85,99.61,0.33,6969,195,UH17MECH2A8,70.25
573,2024-05-23,H17NC03MEA1,281,2,11,268,97.98,5.67,4987,167,UH17MECH2C2,70.25
574,2024-05-23,H17NC03MEA9,208,3,3,202,98.08,4,5774,178,UH17MECH2C4,70.25
575,2024-05-23,H17NC03MEB0,119,0,2,117,99.44,0.67,6944,196,UH17MECH2A6,70.25
576,2024-05-23,H17NC03MEB9,86,1,2,83,98.06,1.67,6685,195,UH17MECH2A8,70.25
577,2024-05-24,H17NC03MEA1,281,2,15,264,97.51,7,4071,130,UH17MECH2C2,73.75
578,2024-05-24,H17NC03MEA9,209,2,5,202,98.25,3.67,5600,164,UH17MECH2C4,73.75
579,2024-05-24,H17NC03MEB0,119,0,11,108,96.92,3.67,5601,165,UH17MECH2A6,73.75
580,2024-05-24,H17NC03MEB9,86,0,0,86,100,0,7034,197,UH17MECH2A8,73.75
581,2024-05-25,H17NC03MEA1,281,1,7,273,98.81,3.33,5895,173,,0
582,2024-05-25,H17NC03MEA9,209,3,3,203,98.09,4,5546,164,,0
583,2024-05-25,H17NC03MEB0,119,0,33,86,90.76,11,3326,107,,0
584,2024-05-25,H17NC03MEB9,86,0,1,85,99.61,0.33,6998,195,,0
585,2024-05-26,H17NC03MEA1,280,1,12,267,98.21,5,5393,163,,0
586,2024-05-26,H17NC03MEA9,209,2,4,203,98.41,3.33,6078,178,,0
587,2024-05-26,H17NC03MEB0,118,0,3,115,99.15,1,6885,194,,0
588,2024-05-26,H17NC03MEB9,86,0,2,84,99.22,0.67,6931,195,,0
589,2024-05-27,H17NC03MEA1,281,2,3,276,98.93,3,6113,179,UH17MECH2C2,73.75
590,2024-05-27,H17NC03MEA9,209,2,4,203,98.41,3.33,5903,172,UH17MECH2C4,73.75
591,2024-05-27,H17NC03MEB0,118,0,2,116,99.44,0.67,6917,193,UH17MECH2A6,73.75
592,2024-05-27,H17NC03MEB9,86,0,2,84,99.22,0.67,6918,194,UH17MECH2A8,73.75
593,2024-05-28,H17NC03MEA1,279,1,3,275,99.28,2,6588,188,UH17MECH2C2,73.75
594,2024-05-28,H17NC03MEA9,209,2,3,204,98.56,3,6118,182,UH17MECH2C4,73.75
595,2024-05-28,H17NC03MEB0,118,0,4,114,98.87,1.33,6782,191,UH17MECH2A6,73.75
596,2024-05-28,H17NC03MEB9,86,0,3,83,98.84,1,6837,193,UH17MECH2A8,73.75
597,2024-05-29,H17NC03MEA1,280,1,7,272,98.81,3.33,6061,178,UH17MECH2C2,73.75
598,2024-05-29,H17NC03MEA9,209,2,4,203,98.41,3.33,6062,179,UH17MECH2C4,73.75
599,2024-05-29,H17NC03MEB0,118,0,2,116,99.44,0.67,6940,195,UH17MECH2A6,73.75
600,2024-05-29,H17NC03MEB9,86,1,0,85,98.84,1,6862,194,UH17MECH2A8,73.75
601,2024-05-31,H17NC03MEA1,281,3,2,276,98.7,3.67,5773,177,,0
602,2024-05-31,H17NC03MEA9,208,2,2,204,98.72,2.67,6188,184,,0
603,2024-05-31,H17NC03MEB0,119,0,3,116,99.16,1,6853,194,,0
604,2024-05-31,H17NC03MEB9,86,0,5,81,98.06,1.67,6648,193,,0
605,2024-06-01,H17NC03MEA1,281,1,6,274,98.93,3,5669,162,,0
606,2024-06-01,H17NC03MEA9,208,2,2,204,98.72,2.67,5808,166,,0
607,2024-06-01,H17NC03MEB0,119,0,2,117,99.44,0.67,6835,192,,0
608,2024-06-01,H17NC03MEB9,86,0,0,86,100,0,7025,196,,0
609,2024-06-02,H17NC03MEA1,281,1,5,275,99.05,2.67,6177,180,,0
610,2024-06-02,H17NC03MEA9,209,2,3,204,98.56,3,5970,175,,0
611,2024-06-02,H17NC03MEB0,119,0,1,118,99.72,0.33,6956,195,,0
612,2024-06-02,H17NC03MEB9,86,0,1,85,99.61,0.33,6957,196,,0
613,2024-06-03,H17NC03MEA1,281,2,6,273,98.58,4,5688,171,,0
614,2024-06-03,H17NC03MEA9,209,2,2,205,98.72,2.67,6291,187,,0
615,2024-06-03,H17NC03MEB0,119,0,14,105,96.08,4.67,5353,166,,0
616,2024-06-03,H17NC03MEB9,86,0,1,85,99.61,0.33,7017,196,,0
617,2024-06-04,H17NC03MEA1,281,1,7,273,98.81,3.33,6032,178,,0
618,2024-06-04,H17NC03MEA9,209,2,4,203,98.41,3.33,6033,179,,0
619,2024-06-04,H17NC03MEB0,120,0,1,119,99.72,0.33,6971,196,,0
620,2024-06-04,H17NC03MEB9,86,1,1,84,98.45,1.33,6806,194,,0
621,2024-06-05,H17NC03MEA1,281,2,9,270,98.22,5,5642,176,,0
622,2024-06-05,H17NC03MEA9,209,2,3,204,98.56,3,6342,190,,0
623,2024-06-05,H17NC03MEB0,120,0,2,118,99.44,0.67,6942,196,,0
624,2024-06-05,H17NC03MEB9,86,1,3,82,97.67,2,6638,193,,0
625,2024-06-06,H17NC03MEA1,282,1,9,272,98.58,4,5868,184,,0
626,2024-06-06,H17NC03MEA9,209,3,12,194,96.65,7,4669,162,,0
627,2024-06-06,H17NC03MEB0,120,0,3,117,99.17,1,6887,196,,0
628,2024-06-06,H17NC03MEB9,86,1,3,82,97.67,2,6651,195,,0
629,2024-06-07,H17NC03MEA1,282,1,9,272,98.58,4,5962,185,,0
630,2024-06-07,H17NC03MEA9,209,3,4,202,97.93,4.33,5859,183,,0
631,2024-06-07,H17NC03MEB0,120,0,3,117,99.17,1,6921,196,,0
632,2024-06-07,H17NC03MEB9,86,0,6,80,97.67,2,6656,194,,0
633,2024-06-08,H17NC03MEA1,282,1,7,274,98.82,3.33,6054,183,,0
634,2024-06-08,H17NC03MEA9,209,3,4,202,97.93,4.33,5637,176,,0
635,2024-06-08,H17NC03MEB0,121,0,2,119,99.45,0.67,6939,194,,0
636,2024-06-08,H17NC03MEB9,86,0,1,85,99.61,0.33,7017,195,,0
637,2024-06-09,H17NC03MEA1,282,1,17,264,97.64,6.67,4990,167,,0
638,2024-06-09,H17NC03MEA9,209,3,4,202,97.93,4.33,5811,179,,0
639,2024-06-09,H17NC03MEB0,121,1,2,118,98.62,1.67,6755,194,,0
640,2024-06-09,H17NC03MEB9,85,1,1,83,98.43,1.33,6847,195,,0
641,2024-06-10,H17NC03MEA1,283,1,16,266,97.76,6.33,4700,145,,0
642,2024-06-10,H17NC03MEA9,209,2,2,205,98.72,2.67,6252,178,,0
643,2024-06-10,H17NC03MEB0,121,1,3,117,98.35,2,6529,186,,0
644,2024-06-10,H17NC03MEB9,85,1,0,84,98.82,1,6868,193,,0
645,2024-06-11,H17NC03MEA1,283,1,12,270,98.23,5,5335,170,,0
646,2024-06-11,H17NC03MEA9,208,2,11,195,97.28,5.67,5062,160,,0
647,2024-06-11,H17NC03MEB0,121,0,2,119,99.45,0.67,6922,195,,0
648,2024-06-11,H17NC03MEB9,84,2,2,80,96.83,2.67,6329,192,,0
649,2024-06-12,H17NC03MEA1,283,1,47,235,94.11,16.67,2738,102,,0
650,2024-06-12,H17NC03MEA9,208,2,2,204,98.72,2.67,6243,187,,0
651,2024-06-12,H17NC03MEB0,121,0,1,120,99.72,0.33,6999,195,,0
652,2024-06-12,H17NC03MEB9,84,0,2,82,99.21,0.67,6900,194,,0
653,2024-06-13,H17NC03MEA1,283,2,46,235,93.88,17.33,2811,102,,0
654,2024-06-13,H17NC03MEA9,209,4,3,202,97.61,5,5431,171,,0
655,2024-06-13,H17NC03MEB0,121,0,3,118,99.17,1,6898,194,,0
656,2024-06-13,H17NC03MEB9,84,0,1,83,99.6,0.33,7014,195,,0
657,2024-06-14,H17NC03MEA1,283,1,16,266,97.76,6.33,4525,137,,0
658,2024-06-14,H17NC03MEA9,210,2,2,206,98.73,2.67,6234,184,,0
659,2024-06-14,H17NC03MEB0,121,0,1,120,99.72,0.33,6966,194,,0
660,2024-06-14,H17NC03MEB9,84,0,1,83,99.6,0.33,6967,195,,0
661,2024-06-15,H17NC03MEA1,283,1,8,274,98.7,3.67,5862,173,,0
662,2024-06-15,H17NC03MEA9,210,2,2,206,98.73,2.67,6285,182,,0
663,2024-06-15,H17NC03MEB0,121,1,0,120,99.17,1,6886,194,,0
664,2024-06-15,H17NC03MEB9,84,2,0,82,97.62,2,6559,188,,0
665,2024-06-16,H17NC03MEA1,282,1,19,262,97.4,7.33,4329,136,,0
666,2024-06-16,H17NC03MEA9,208,2,4,202,98.4,3.33,6025,182,,0
667,2024-06-16,H17NC03MEB0,121,0,1,120,99.72,0.33,7004,195,,0
668,2024-06-16,H17NC03MEB9,84,2,0,82,97.62,2,6574,191,,0
669,2024-06-17,H17NC03MEA1,282,1,13,268,98.11,5.33,5294,169,,0
670,2024-06-17,H17NC03MEA9,208,3,2,203,98.24,3.67,5974,182,,0
671,2024-06-17,H17NC03MEB0,121,0,3,118,99.17,1,6879,196,,0
672,2024-06-17,H17NC03MEB9,84,1,1,82,98.41,1.33,6818,193,,0
673,2024-06-18,H17NC03MEA1,282,1,28,253,96.34,10.33,2941,92,,0
674,2024-06-18,H17NC03MEA9,208,3,4,201,97.92,4.33,5024,148,,0
675,2024-06-18,H17NC03MEB0,121,0,1,120,99.72,0.33,6931,195,,0
676,2024-06-18,H17NC03MEB9,83,0,2,81,99.2,0.67,6871,191,,0
677,2024-06-19,H17NC03MEA1,283,2,17,264,97.29,7.67,4540,151,,0
678,2024-06-19,H17NC03MEA9,208,3,2,203,98.24,3.67,6010,182,,0
679,2024-06-19,H17NC03MEB0,121,1,1,119,98.9,1.33,6821,193,,0
680,2024-06-19,H17NC03MEB9,83,0,1,82,99.6,0.33,6984,196,,0
681,2024-06-20,H17NC03MEA1,284,1,23,260,96.95,8.67,3926,117,,0
682,2024-06-20,H17NC03MEA9,208,4,3,201,97.6,5,5211,154,,0
683,2024-06-20,H17NC03MEB0,121,1,0,120,99.17,1,6841,194,,0
684,2024-06-20,H17NC03MEB9,83,1,2,80,97.99,1.67,6629,192,,0
685,2024-06-21,H17NC03MEA1,282,2,6,274,98.58,4,5371,164,,0
686,2024-06-21,H17NC03MEA9,208,4,5,199,97.28,5.67,4573,139,,0
687,2024-06-21,H17NC03MEB0,121,1,0,120,99.17,1,6816,194,,0
688,2024-06-21,H17NC03MEB9,83,0,1,82,99.6,0.33,6989,196,,0
689,2024-06-22,H17NC03MEA1,282,1,7,274,98.82,3.33,5998,172,,0
690,2024-06-22,H17NC03MEA9,209,3,3,203,98.09,4,5671,165,,0
691,2024-06-22,H17NC03MEB0,121,1,1,119,98.9,1.33,6756,191,,0
692,2024-06-22,H17NC03MEB9,84,0,1,83,99.6,0.33,7015,196,,0
693,2024-06-23,H17NC03MEA1,282,2,21,259,96.81,9,4458,157,,0
694,2024-06-23,H17NC03MEA9,208,4,3,201,97.6,5,5678,181,,0
695,2024-06-23,H17NC03MEB0,121,1,3,117,98.35,2,6708,193,,0
696,2024-06-23,H17NC03MEB9,84,0,1,83,99.6,0.33,6991,196,,0
697,2024-06-24,H17NC03MEA1,282,3,17,262,96.93,8.67,4444,160,,0
698,2024-06-24,H17NC03MEA9,208,3,38,167,92.47,15.67,3183,123,,0
699,2024-06-24,H17NC03MEB0,121,0,3,118,99.17,1,6880,194,,0
700,2024-06-24,H17NC03MEB9,84,0,1,83,99.6,0.33,6993,195,,0
701,2024-06-25,H17NC03MEA1,280,4,12,264,97.14,8,4553,154,,0
702,2024-06-25,H17NC03MEA9,210,3,3,204,98.1,4,5994,184,,0
703,2024-06-25,H17NC03MEB0,121,1,3,117,98.35,2,6681,194,,0
704,2024-06-25,H17NC03MEB9,84,0,2,82,99.21,0.67,6954,196,,0
705,2024-06-26,H17NC03MEA1,281,4,17,260,96.56,9.67,4174,137,,0
706,2024-06-26,H17NC03MEA9,209,4,4,201,97.45,5.33,5541,172,,0
707,2024-06-26,H17NC03MEB0,121,1,3,117,98.35,2,6668,191,,0
708,2024-06-26,H17NC03MEB9,83,1,2,80,97.99,1.67,6740,192,,0
709,2024-06-27,H17NC03MEA1,279,2,14,263,97.61,6.67,4905,164,,0
710,2024-06-27,H17NC03MEA9,208,5,2,201,97.28,5.67,5284,172,,0
711,2024-06-27,H17NC03MEB0,121,2,2,117,97.8,2.67,6390,194,,0
712,2024-06-27,H17NC03MEB9,84,4,1,79,94.84,4.33,5767,182,,0
713,2024-06-28,H17NC03MEA1,278,2,20,256,96.88,8.67,4160,145,,0
714,2024-06-28,H17NC03MEA9,209,1,53,155,91.07,18.67,2693,99,,0
715,2024-06-28,H17NC03MEB0,121,1,2,118,98.62,1.67,6704,196,,0
716,2024-06-28,H17NC03MEB9,83,0,6,77,97.59,2,6596,195,,0
717,2024-06-29,H17NC03MEA1,279,3,9,267,97.85,6,5014,160,,0
718,2024-06-29,H17NC03MEA9,209,1,11,197,97.77,4.67,5565,170,,0
719,2024-06-29,H17NC03MEB0,121,1,6,114,97.52,3,6252,183,,0
720,2024-06-29,H17NC03MEB9,83,0,2,81,99.2,0.67,6959,196,,0
721,2024-06-30,H17NC03MEA1,279,4,83,192,88.65,31.67,1682,64,,0
722,2024-06-30,H17NC03MEA9,209,3,8,198,97.29,5.67,4711,148,,0
723,2024-06-30,H17NC03MEB0,121,0,2,119,99.45,0.67,6914,195,,0
724,2024-06-30,H17NC03MEB9,82,1,0,81,98.78,1,6817,194,,0
725,2024-07-01,H17NC03MEA1,280,1,80,199,90.12,27.67,1994,78,,0
726,2024-07-01,H17NC03MEA9,209,3,75,131,86.6,28,1972,77,,0
727,2024-07-01,H17NC03MEB0,121,0,1,120,99.72,0.33,7015,196,,0
728,2024-07-01,H17NC03MEB9,82,1,2,79,97.97,1.67,6686,193,,0
729,2024-07-02,H17NC03MEA1,280,2,92,186,88.33,32.67,1590,58,,0
730,2024-07-02,H17NC03MEA9,209,4,1,204,97.93,4.33,5243,155,,0
731,2024-07-02,H17NC03MEB0,121,0,2,119,99.45,0.67,6907,196,,0
732,2024-07-02,H17NC03MEB9,82,1,0,81,98.78,1,6801,191,,0
733,2024-07-03,H17NC03MEA1,280,1,102,177,87.5,35,1431,63,,0
734,2024-07-03,H17NC03MEA9,209,1,2,206,99.2,1.67,6547,185,,0
735,2024-07-03,H17NC03MEB0,121,0,1,120,99.72,0.33,6960,194,,0
736,2024-07-03,H17NC03MEB9,82,0,0,82,100,0,7248,195,,0
737,2024-07-04,H17NC03MEA1,281,2,124,155,84.58,43.33,1198,57,,0
738,2024-07-04,H17NC03MEA9,211,2,35,174,93.52,13.67,3055,113,,0
739,2024-07-04,H17NC03MEB0,121,0,1,120,99.72,0.33,6980,194,,0
740,2024-07-04,H17NC03MEB9,82,0,1,81,99.59,0.33,6981,195,,0
741,2024-07-05,H17NC03MEA1,281,1,137,143,83.39,46.67,921,44,,0
742,2024-07-05,H17NC03MEA9,210,1,1,208,99.37,1.33,6678,191,,0
743,2024-07-05,H17NC03MEB0,120,0,1,119,99.72,0.33,6947,194,,0
744,2024-07-05,H17NC03MEB9,82,0,0,82,100,0,7250,196,,0
745,2024-07-06,H17NC03MEA1,281,2,51,228,93.24,19,2535,97,,0
746,2024-07-06,H17NC03MEA9,209,2,1,206,98.88,2.33,6394,183,,0
747,2024-07-06,H17NC03MEB0,120,0,2,118,99.44,0.67,6921,194,,0
748,2024-07-06,H17NC03MEB9,82,0,2,80,99.19,0.67,6922,195,,0
749,2024-07-07,H17NC03MEA1,281,0,48,233,94.31,16,2577,93,,0
750,2024-07-07,H17NC03MEA9,208,2,3,203,98.56,3,6070,182,,0
751,2024-07-07,H17NC03MEB0,120,0,36,84,90,12,3036,114,,0
752,2024-07-07,H17NC03MEB9,82,0,1,81,99.59,0.33,7009,196,,0
753,2024-07-08,H17NC03MEA1,282,0,76,206,91.02,25.33,1922,88,,0
754,2024-07-08,H17NC03MEA9,209,3,51,155,90.43,20,2275,105,,0
755,2024-07-08,H17NC03MEB0,119,1,33,85,89.92,12,3037,126,,0
756,2024-07-08,H17NC03MEB9,82,0,1,81,99.59,0.33,6991,195,,0
757,2024-07-09,H17NC03MEA1,282,2,116,164,85.58,40.67,1471,75,,0
758,2024-07-09,H17NC03MEA9,207,2,17,188,96.3,7.67,4781,171,,0
759,2024-07-09,H17NC03MEB0,119,0,4,115,98.88,1.33,6822,194,,0
760,2024-07-09,H17NC03MEB9,83,0,3,80,98.8,1,6929,195,,0
761,2024-07-10,H17NC03MEA1,282,3,120,159,84.75,43,1135,50,,0
762,2024-07-10,H17NC03MEA9,207,2,1,204,98.87,2.33,6393,183,,0
763,2024-07-10,H17NC03MEB0,119,1,2,116,98.6,1.67,6666,192,,0
764,2024-07-10,H17NC03MEB9,83,0,14,69,94.38,4.67,5261,161,,0
765,2024-07-11,H17NC03MEA1,282,1,81,200,90.07,28,1926,78,,0
766,2024-07-11,H17NC03MEA9,207,2,1,204,98.87,2.33,6487,189,,0
767,2024-07-11,H17NC03MEB0,119,2,1,116,98.04,2.33,6488,190,,0
768,2024-07-11,H17NC03MEB9,83,0,2,81,99.2,0.67,6947,196,,0
769,2024-07-12,H17NC03MEA1,281,4,128,149,83.39,46.67,908,52,,0
770,2024-07-12,H17NC03MEA9,207,1,20,186,96.3,7.67,3862,126,,0
771,2024-07-12,H17NC03MEB0,120,1,0,119,99.17,1,6763,191,,0
772,2024-07-12,H17NC03MEB9,83,0,1,82,99.6,0.33,6946,196,,0
773,2024-07-13,H17NC03MEA1,279,2,113,164,85.78,39.67,1143,54,,0
774,2024-07-13,H17NC03MEA9,205,0,3,202,99.51,1,6860,192,,0
775,2024-07-13,H17NC03MEB0,120,0,3,117,99.17,1,6861,193,,0
776,2024-07-13,H17NC03MEB9,83,0,1,82,99.6,0.33,7003,196,,0
777,2024-07-14,H17NC03MEA1,279,2,27,250,96.06,11,3495,121,,0
778,2024-07-14,H17NC03MEA9,205,1,35,169,93.82,12.67,3199,110,,0
779,2024-07-14,H17NC03MEB0,118,2,58,58,81.92,21.33,2318,86,,0
780,2024-07-14,H17NC03MEB9,83,0,1,82,99.6,0.33,6979,196,,0
781,2024-07-15,H17NC03MEA1,279,4,123,152,83.87,45,1158,52,,0
782,2024-07-15,H17NC03MEA9,205,1,31,173,94.47,11.33,3655,129,,0
783,2024-07-15,H17NC03MEB0,118,1,8,109,96.89,3.67,6028,188,,0
784,2024-07-15,H17NC03MEB9,83,0,2,81,99.2,0.67,6957,196,,0
785,2024-07-16,H17NC03MEA1,279,3,103,173,86.62,37.33,1387,62,,0
786,2024-07-16,H17NC03MEA9,204,2,85,117,85.13,30.33,1734,77,,0
787,2024-07-16,H17NC03MEB0,118,3,62,53,79.94,23.67,2105,86,,0
788,2024-07-16,H17NC03MEB9,83,0,4,79,98.39,1.33,6756,187,,0
789,2024-07-17,H17NC03MEA1,278,4,116,158,84.65,42.67,1149,62,,0
790,2024-07-17,H17NC03MEA9,203,2,73,128,87.03,26.33,1985,86,,0
791,2024-07-17,H17NC03MEB0,118,3,49,66,83.62,19.33,2440,100,,0
792,2024-07-17,H17NC03MEB9,84,1,1,82,98.41,1.33,6807,195,,0
793,2024-07-18,H17NC03MEA1,278,4,119,155,84.29,43.67,1213,59,,0
794,2024-07-18,H17NC03MEA9,204,2,2,200,98.69,2.67,6452,192,,0
795,2024-07-18,H17NC03MEB0,118,1,3,114,98.31,2,6648,194,,0
796,2024-07-18,H17NC03MEB9,84,1,1,82,98.41,1.33,6827,196,,0
797,2024-07-19,H17NC03MEA1,278,2,96,180,87.77,34,1571,65,,0
798,2024-07-19,H17NC03MEA9,202,2,2,198,98.68,2.67,6351,190,,0
799,2024-07-19,H17NC03MEB0,118,2,0,116,98.31,2,6601,194,,0
800,2024-07-19,H17NC03MEB9,84,1,2,81,98.02,1.67,6678,195,,0
801,2024-07-20,H17NC03MEA1,278,2,9,267,98.2,5,5400,170,,0
802,2024-07-20,H17NC03MEA9,201,3,3,195,98.01,4,5770,179,,0
803,2024-07-20,H17NC03MEB0,117,2,0,115,98.29,2,6592,195,,0
804,2024-07-20,H17NC03MEB9,84,2,2,80,96.83,2.67,6336,189,,0
805,2024-07-21,H17NC03MEA1,277,1,7,269,98.8,3.33,5805,174,,0
806,2024-07-21,H17NC03MEA9,201,3,1,197,98.34,3.33,5806,175,,0
807,2024-07-21,H17NC03MEB0,117,2,1,114,98.01,2.33,6260,185,,0
808,2024-07-21,H17NC03MEB9,84,1,1,82,98.41,1.33,6709,193,,0
809,2024-07-22,H17NC03MEA1,277,0,10,267,98.8,3.33,5948,181,,0
810,2024-07-22,H17NC03MEA9,202,1,2,199,99.17,1.67,6680,194,,0
811,2024-07-22,H17NC03MEB0,117,2,1,114,98.01,2.33,6441,188,,0
812,2024-07-22,H17NC03MEB9,83,1,4,78,97.19,2.33,6442,189,,0
813,2024-07-23,H17NC03MEA1,277,0,5,272,99.4,1.67,6584,191,,0
814,2024-07-23,H17NC03MEA9,202,1,1,200,99.34,1.33,6750,193,,0
815,2024-07-23,H17NC03MEB0,117,4,62,51,78.92,24.67,1879,70,,0
816,2024-07-23,H17NC03MEB9,83,2,15,66,91.57,7,4203,143,,0
817,2024-07-24,H17NC03MEA1,277,0,7,270,99.16,2.33,6491,190,,0
818,2024-07-24,H17NC03MEA9,202,1,2,199,99.17,1.67,6714,192,,0
819,2024-07-24,H17NC03MEB0,117,8,64,45,74.93,29.33,1789,66,,0
820,2024-07-24,H17NC03MEB9,83,1,3,79,97.59,2,6645,191,,0
821,2024-07-25,H17NC03MEA1,278,1,4,273,99.16,2.33,6308,190,,0
822,2024-07-25,H17NC03MEA9,202,2,2,198,98.68,2.67,6194,187,,0
823,2024-07-25,H17NC03MEB0,117,4,58,55,80.06,23.33,1926,69,,0
824,2024-07-25,H17NC03MEB9,83,2,1,80,97.19,2.33,6309,191,,0
825,2024-07-26,H17NC03MEA1,279,4,155,120,80.05,55.67,623,28,,0
826,2024-07-26,H17NC03MEA9,201,1,2,198,99.17,1.67,6636,193,,0
827,2024-07-26,H17NC03MEB0,117,3,59,55,80.63,22.67,2008,73,,0
828,2024-07-26,H17NC03MEB9,83,1,1,81,98.39,1.33,6711,195,,0
829,2024-07-27,H17NC03MEA1,278,11,153,114,77.7,62,438,16,,0
830,2024-07-27,H17NC03MEA9,200,3,2,195,98.17,3.67,5669,170,,0
831,2024-07-27,H17NC03MEB0,117,12,59,46,72.93,31.67,1391,53,,0
832,2024-07-27,H17NC03MEB9,83,1,2,80,97.99,1.67,6643,189,,0
833,2024-07-28,H17NC03MEA1,277,4,147,126,80.87,53,814,44,,0
834,2024-07-28,H17NC03MEA9,200,1,5,194,98.67,2.67,6478,189,,0
835,2024-07-28,H17NC03MEB0,118,2,49,67,84.46,18.33,2710,101,,0
836,2024-07-28,H17NC03MEB9,83,1,3,79,97.59,2,6685,193,,0
837,2024-07-29,H17NC03MEA1,277,1,107,169,86.76,36.67,1517,64,,0
838,2024-07-29,H17NC03MEA9,200,1,5,194,98.67,2.67,6471,191,,0
839,2024-07-29,H17NC03MEB0,119,3,35,81,87.68,14.67,3148,118,,0
840,2024-07-29,H17NC03MEB9,83,1,4,78,97.19,2.33,6600,193,,0
841,2024-07-30,H17NC03MEA1,278,3,163,112,79.38,57.33,770,33,,0
842,2024-07-30,H17NC03MEA9,198,0,5,193,99.16,1.67,6773,195,,0
843,2024-07-30,H17NC03MEB0,120,3,49,68,83.89,19.33,2690,108,,0
844,2024-07-30,H17NC03MEB9,83,1,1,81,98.39,1.33,6862,196,,0
845,2024-07-31,H17NC03MEA1,278,14,159,105,75.9,67,434,21,,0
846,2024-07-31,H17NC03MEA9,198,0,3,195,99.49,1,6845,192,,0
847,2024-07-31,H17NC03MEB0,120,2,0,118,98.33,2,6550,188,,0
848,2024-07-31,H17NC03MEB9,83,1,0,82,98.8,1,6846,193,,0
849,2024-08-01,H17NC03MEA1,276,0,91,185,89.01,30.33,1479,52,,0
850,2024-08-01,H17NC03MEA9,200,1,1,198,99.33,1.33,6750,192,,0
851,2024-08-01,H17NC03MEB0,120,2,14,104,94.44,6.67,4256,130,,0
852,2024-08-01,H17NC03MEB9,83,1,0,82,98.8,1,6818,193,,0
853,2024-08-02,H17NC03MEA1,276,1,130,145,83.94,44.33,960,40,,0
854,2024-08-02,H17NC03MEA9,199,2,2,195,98.66,2.67,6263,186,,0
855,2024-08-02,H17NC03MEB0,119,2,1,116,98.04,2.33,6451,188,,0
856,2024-08-02,H17NC03MEB9,83,0,2,81,99.2,0.67,6930,195,,0
857,2024-08-03,H17NC03MEA1,275,0,17,258,97.94,5.67,4564,135,,0
858,2024-08-03,H17NC03MEA9,201,1,1,199,99.34,1.33,6723,192,,0
859,2024-08-03,H17NC03MEB0,119,2,2,115,97.76,2.67,6084,181,,0
860,2024-08-03,H17NC03MEB9,84,0,3,81,98.81,1,6857,194,,0
861,2024-08-04,H17NC03MEA1,274,0,45,229,94.53,15,2388,83,,0
862,2024-08-04,H17NC03MEA9,200,1,3,196,99,2,6382,185,,0
863,2024-08-04,H17NC03MEB0,120,2,1,117,98.06,2.33,6269,183,,0
864,2024-08-04,H17NC03MEB9,84,0,1,83,99.6,0.33,6987,194,,0
865,2024-08-05,H17NC03MEA1,274,0,11,263,98.66,3.67,6036,184,,0
866,2024-08-05,H17NC03MEA9,200,1,3,196,99,2,6630,192,,0
867,2024-08-05,H17NC03MEB0,119,2,1,116,98.04,2.33,6557,191,,0
868,2024-08-05,H17NC03MEB9,84,0,4,80,98.41,1.33,6813,195,,0
869,2024-08-06,H17NC03MEA1,274,2,21,251,96.72,9,4134,151,,0
870,2024-08-06,H17NC03MEA9,199,1,4,194,98.83,2.33,6552,192,,0
871,2024-08-06,H17NC03MEB0,118,2,3,113,97.46,3,6306,190,,0
872,2024-08-06,H17NC03MEB9,84,1,1,82,98.41,1.33,6838,194,,0
873,2024-08-07,H17NC03MEA1,274,1,18,255,97.45,7,4513,150,,0
874,2024-08-07,H17NC03MEA9,199,1,3,195,98.99,2,6563,190,,0
875,2024-08-07,H17NC03MEB0,117,1,3,113,98.29,2,6564,191,,0
876,2024-08-07,H17NC03MEB9,84,1,1,82,98.41,1.33,6772,193,,0
877,2024-08-08,H17NC03MEA1,272,1,22,249,96.94,8.33,4069,139,,0
878,2024-08-08,H17NC03MEA9,199,2,0,197,98.99,2,6619,189,,0
879,2024-08-08,H17NC03MEB0,118,2,0,116,98.31,2,6620,190,,0
880,2024-08-08,H17NC03MEB9,84,0,1,83,99.6,0.33,6989,196,,0
881,2024-08-09,H17NC03MEA1,273,5,149,119,79.98,54.67,719,35,,0
882,2024-08-09,H17NC03MEA9,199,2,1,196,98.83,2.33,6420,186,,0
883,2024-08-09,H17NC03MEB0,118,1,2,115,98.59,1.67,6665,192,,0
884,2024-08-09,H17NC03MEB9,84,0,1,83,99.6,0.33,7004,195,,0
885,2024-08-10,H17NC03MEA1,272,2,16,254,97.3,7.33,4566,149,,0
886,2024-08-10,H17NC03MEA9,200,1,2,197,99.17,1.67,6755,192,,0
887,2024-08-10,H17NC03MEB0,117,1,3,113,98.29,2,6611,190,,0
888,2024-08-10,H17NC03MEB9,84,0,3,81,98.81,1,6931,194,,0
889,2024-08-11,H17NC03MEA1,272,2,22,248,96.57,9.33,4068,139,,0
890,2024-08-11,H17NC03MEA9,200,1,4,195,98.83,2.33,6576,191,,0
891,2024-08-11,H17NC03MEB0,117,2,16,99,93.73,7.33,4705,165,,0
892,2024-08-11,H17NC03MEB9,84,1,3,80,97.62,2,6650,192,,0
893,2024-08-12,H17NC03MEA1,272,1,24,247,96.69,9,4407,150,,0
894,2024-08-12,H17NC03MEA9,200,0,5,195,99.17,1.67,6781,194,,0
895,2024-08-12,H17NC03MEB0,117,6,38,73,84.05,18.67,2867,107,,0
896,2024-08-12,H17NC03MEB9,84,0,3,81,98.81,1,6935,195,,0
897,2024-08-13,H17NC03MEA1,273,1,40,232,94.75,14.33,2906,102,,0
898,2024-08-13,H17NC03MEA9,198,1,3,194,98.99,2,6608,193,,0
899,2024-08-13,H17NC03MEB0,117,4,41,72,84.9,17.67,2551,96,,0
900,2024-08-13,H17NC03MEB9,85,1,1,83,98.43,1.33,6802,194,,0
901,2024-08-14,H17NC03MEA1,274,1,38,235,95.01,13.67,2738,89,,0
902,2024-08-14,H17NC03MEA9,199,1,2,196,99.16,1.67,6617,191,,0
903,2024-08-14,H17NC03MEB0,117,5,18,94,90.6,11,3154,100,,0
904,2024-08-14,H17NC03MEB9,85,1,0,84,98.82,1,6822,195,,0
905,2024-08-15,H17NC03MEA1,273,1,64,208,91.82,22.33,2118,75,,0
906,2024-08-15,H17NC03MEA9,197,2,6,189,97.97,4,5753,178,,0
907,2024-08-15,H17NC03MEB0,118,3,6,109,95.76,5,5247,173,,0
908,2024-08-15,H17NC03MEB9,85,1,2,82,98.04,1.67,6674,194,,0
909,2024-08-16,H17NC03MEA1,273,3,130,140,83.03,46.33,847,37,,0
910,2024-08-16,H17NC03MEA9,199,3,75,121,85.93,28,1529,64,,0
911,2024-08-16,H17NC03MEB0,119,1,4,114,98.04,2.33,6143,184,,0
912,2024-08-16,H17NC03MEB9,85,1,0,84,98.82,1,6771,191,,0
913,2024-08-17,H17NC03MEA1,274,2,133,139,83.09,46.33,885,39,,0
914,2024-08-17,H17NC03MEA9,202,2,46,154,91.42,17.33,2428,78,,0
915,2024-08-17,H17NC03MEB0,118,1,4,113,98.02,2.33,6380,186,,0
916,2024-08-17,H17NC03MEB9,85,1,1,83,98.43,1.33,6766,193,,0
917,2024-08-18,H17NC03MEA1,276,1,59,216,92.51,20.67,2236,88,,0
918,2024-08-18,H17NC03MEA9,202,3,74,125,86.3,27.67,1826,72,,0
919,2024-08-18,H17NC03MEB0,118,6,45,67,82.2,21,2219,86,,0
920,2024-08-18,H17NC03MEB9,85,1,3,81,97.65,2,6537,192,,0
921,2024-08-19,H17NC03MEA1,276,3,151,122,80.68,53.33,872,38,,0
922,2024-08-19,H17NC03MEA9,203,3,3,197,98.03,4,5902,185,,0
923,2024-08-19,H17NC03MEB0,119,0,63,56,82.35,21,2437,86,,0
924,2024-08-19,H17NC03MEB9,85,0,3,82,98.82,1,6889,194,,0
925,2024-08-20,H17NC03MEA1,277,4,145,128,81.11,52.33,838,43,,0
926,2024-08-20,H17NC03MEA9,204,3,4,197,97.88,4.33,5552,177,,0
927,2024-08-20,H17NC03MEB0,118,1,34,83,89.55,12.33,3233,109,,0
928,2024-08-20,H17NC03MEB9,85,0,2,83,99.22,0.67,6922,195,,0
929,2024-08-21,H17NC03MEA1,277,4,135,138,82.31,49,982,48,,0
930,2024-08-21,H17NC03MEA9,204,2,2,200,98.69,2.67,6348,187,,0
931,2024-08-21,H17NC03MEB0,118,1,1,116,98.87,1.33,6828,194,,0
932,2024-08-21,H17NC03MEB9,85,1,8,76,95.69,3.67,5883,180,,0
933,2024-08-22,H17NC03MEA1,277,0,66,211,92.06,22,2324,90,,0
934,2024-08-22,H17NC03MEA9,205,2,4,199,98.37,3.33,6084,187,,0
935,2024-08-22,H17NC03MEB0,116,1,4,111,97.99,2.33,6520,191,,0
936,2024-08-22,H17NC03MEB9,85,1,3,81,97.65,2,6626,194,,0
937,2024-08-23,H17NC03MEA1,277,22,210,45,66.79,92,225,15,,0
938,2024-08-23,H17NC03MEA9,206,1,5,200,98.71,2.67,6226,182,,0
939,2024-08-23,H17NC03MEB0,116,0,1,115,99.71,0.33,6992,196,,0
940,2024-08-23,H17NC03MEB9,85,1,0,84,98.82,1,6860,192,,0
941,2024-08-24,H17NC03MEA1,275,24,193,58,67.88,88.33,228,12,,0
942,2024-08-24,H17NC03MEA9,206,0,7,199,98.87,2.33,6498,191,,0
943,2024-08-24,H17NC03MEB0,116,0,52,64,85.06,17.33,2716,97,,0
944,2024-08-24,H17NC03MEB9,85,1,0,84,98.82,1,6876,195,,0
945,2024-08-25,H17NC03MEA1,277,130,141,6,36.1,177,14,1,,0
946,2024-08-25,H17NC03MEA9,206,0,6,200,99.03,2,6630,193,,0
947,2024-08-25,H17NC03MEB0,116,0,3,113,99.14,1,6881,194,,0
948,2024-08-25,H17NC03MEB9,85,2,1,82,97.25,2.33,6478,190,,0
949,2024-08-26,H17NC03MEA1,277,111,155,11,41.28,162.67,20,1,,0
950,2024-08-26,H17NC03MEA9,206,0,9,197,98.54,3,6270,189,,0
951,2024-08-26,H17NC03MEB0,116,0,2,114,99.43,0.67,6975,196,,0
952,2024-08-26,H17NC03MEB9,85,2,1,82,97.25,2.33,6506,193,,0
953,2024-08-28,H17NC03MEA1,276,2,58,216,92.27,21.33,2754,112,,0
954,2024-08-28,H17NC03MEA9,206,0,9,197,98.54,3,6393,192,,0
955,2024-08-28,H17NC03MEB0,116,0,3,113,99.14,1,6916,195,,0
956,2024-08-28,H17NC03MEB9,84,2,3,79,96.43,3,6394,193,,0
957,2024-08-29,H17NC03MEA1,275,0,13,262,98.42,4.33,5682,182,,0
958,2024-08-29,H17NC03MEA9,205,0,13,192,97.89,4.33,5683,183,,0
959,2024-08-29,H17NC03MEB0,116,0,2,114,99.43,0.67,6930,195,,0
960,2024-08-29,H17NC03MEB9,84,1,1,82,98.41,1.33,6787,194,,0
961,2024-08-30,H17NC03MEA1,277,0,14,263,98.32,4.67,5179,167,,0
962,2024-08-30,H17NC03MEA9,205,2,3,200,98.54,3,6054,182,,0
963,2024-08-30,H17NC03MEB0,117,0,2,115,99.43,0.67,6901,195,,0
964,2024-08-30,H17NC03MEB9,84,2,26,56,87.3,10.67,3301,118,,0
965,2024-08-31,H17NC03MEA1,278,2,18,258,97.12,8,4095,150,,0
966,2024-08-31,H17NC03MEA9,205,1,69,135,88.29,24,2109,90,,0
967,2024-08-31,H17NC03MEB0,117,0,58,59,83.48,19.33,2418,102,,0
968,2024-08-31,H17NC03MEB9,84,1,32,51,86.11,11.67,3320,124,,0
969,2024-09-01,H17NC03MEA1,278,1,21,256,97.12,8,4559,158,,0
970,2024-09-01,H17NC03MEA9,204,6,103,95,80.23,40.33,1497,64,,0
971,2024-09-01,H17NC03MEB0,117,0,69,48,80.34,23,2509,96,,0
972,2024-09-01,H17NC03MEB9,84,2,8,74,94.44,4.67,5728,186,,0
973,2024-09-02,H17NC03MEA1,278,2,36,240,94.96,14,3217,125,,0
974,2024-09-02,H17NC03MEA9,204,16,108,80,74.51,52,1033,45,,0
975,2024-09-02,H17NC03MEB0,117,4,72,41,76.07,28,2058,95,,0
976,2024-09-02,H17NC03MEB9,84,2,23,59,88.49,9.67,3938,147,,0
977,2024-09-03,H17NC03MEA1,278,1,24,253,96.76,9,3329,120,,0
978,2024-09-03,H17NC03MEA9,204,2,71,131,87.42,25.67,1829,78,,0
979,2024-09-03,H17NC03MEB0,116,0,11,105,96.84,3.67,5396,177,,0
980,2024-09-03,H17NC03MEB9,84,2,18,64,90.48,8,3591,126,,0
981,2024-09-04,H17NC03MEA1,278,2,8,268,98.32,4.67,4998,164,,0
982,2024-09-04,H17NC03MEA9,205,1,9,195,98.05,4,5336,169,,0
983,2024-09-04,H17NC03MEB0,118,0,1,117,99.72,0.33,7008,195,,0
984,2024-09-04,H17NC03MEB9,84,2,25,57,87.7,10.33,3225,116,,0
985,2024-09-05,H17NC03MEA1,278,1,6,271,98.92,3,5812,182,,0
986,2024-09-05,H17NC03MEA9,205,1,4,200,98.86,2.33,6187,187,,0
987,2024-09-05,H17NC03MEB0,118,0,1,117,99.72,0.33,6954,195,,0
988,2024-09-05,H17NC03MEB9,84,2,8,74,94.44,4.67,4990,171,,0
989,2024-09-06,H17NC03MEA1,280,0,8,272,99.05,2.67,5675,167,,0
990,2024-09-06,H17NC03MEA9,205,2,98,105,83.09,34.67,1197,53,,0
991,2024-09-06,H17NC03MEB0,118,0,1,117,99.72,0.33,6971,194,,0
992,2024-09-06,H17NC03MEB9,84,1,2,81,98.02,1.67,6382,183,,0
993,2024-09-07,H17NC03MEA1,280,1,84,195,89.64,29,1809,63,,0
994,2024-09-07,H17NC03MEA9,204,2,95,107,83.5,33.67,1572,52,,0
995,2024-09-07,H17NC03MEB0,118,0,1,117,99.72,0.33,7023,196,,0
996,2024-09-07,H17NC03MEB9,84,2,3,79,96.43,3,6194,187,,0
997,2024-09-08,H17NC03MEA1,280,0,20,260,97.62,6.67,4565,145,,0
998,2024-09-08,H17NC03MEA9,204,0,3,201,99.51,1,6848,192,,0
999,2024-09-08,H17NC03MEB0,118,0,2,116,99.44,0.67,6936,194,,0
1000,2024-09-08,H17NC03MEB9,85,2,2,81,96.86,2.67,6315,184,,0
